img_id,img_name,W,H,num_gt_valid,num_gt_ignore,num_small_lt24,num_tiny_lt16,ratio_small,source_split
0,train:DJI-405-720p00201.jpg,1280,720,15,0,0,0,0.0,train
1,train:DJI-405-720p00361.jpg,1280,720,9,0,0,0,0.0,train
2,train:DJI-405-720p00511.jpg,1280,720,16,0,0,0,0.0,train
3,train:DJI-405-720p00701.jpg,1280,720,14,0,0,0,0.0,train
4,train:DJI-405-720p00721.jpg,1280,720,13,0,0,0,0.0,train
5,train:DJI-405-720p00841.jpg,1280,720,18,0,0,0,0.0,train
6,train:DJI-405-720p00931.jpg,1280,720,22,0,0,0,0.0,train
7,train:DJI-405-720p01051.jpg,1280,720,22,0,0,0,0.0,train
8,train:DJI-405-720p02201.jpg,1280,720,14,0,0,0,0.0,train
9,train:DJI-405-720p02251.jpg,1280,720,12,0,0,0,0.0,train
10,train:DJI-405-720p02351.jpg,1280,720,12,0,0,0,0.0,train
11,train:DJI-405-720p03251.jpg,1280,720,10,0,0,0,0.0,train
12,train:DJI-405-720p03701.jpg,1280,720,14,0,0,0,0.0,train
13,train:DJI-405-720p03751.jpg,1280,720,11,0,0,0,0.0,train
14,train:DJI-405-720p04351.jpg,1280,720,9,0,0,0,0.0,train
15,train:DJI-405-720p04501.jpg,1280,720,15,0,0,0,0.0,train
16,train:DJI-405-720p04701.jpg,1280,720,19,0,0,0,0.0,train
17,train:DJI-405-720p04901.jpg,1280,720,11,0,0,0,0.0,train
18,train:DJI-405-720p05301.jpg,1280,720,8,0,0,0,0.0,train
19,train:DJI-405-720p05651.jpg,1280,720,9,0,0,0,0.0,train
20,train:DJI-405-720p06501.jpg,1280,720,4,0,1,0,0.25,train
21,train:DJI-405-720p06701.jpg,1280,720,15,0,1,0,0.0666666666666666,train
22,train:DJI-670-720p00101.jpg,1280,720,14,0,0,0,0.0,train
23,train:DJI-670-720p00201.jpg,1280,720,13,0,0,0,0.0,train
24,train:DJI-670-720p00251.jpg,1280,720,14,0,0,0,0.0,train
25,train:DJI-670-720p00351.jpg,1280,720,14,0,0,0,0.0,train
26,train:DJI-670-720p01301.jpg,1280,720,15,0,0,0,0.0,train
27,train:DJI-670-720p01401.jpg,1280,720,18,0,0,0,0.0,train
28,train:DJI-670-720p01601.jpg,1280,720,12,0,0,0,0.0,train
29,train:DJI-670-720p02101.jpg,1280,720,15,0,0,0,0.0,train
30,train:DJI-670-720p02201.jpg,1280,720,12,0,0,0,0.0,train
31,train:DJI-670-720p02451.jpg,1280,720,10,0,0,0,0.0,train
32,train:DJI-670-720p02701.jpg,1280,720,16,0,0,0,0.0,train
33,train:DJI-670-720p02751.jpg,1280,720,17,0,0,0,0.0,train
34,train:DJI-670-720p03251.jpg,1280,720,13,0,0,0,0.0,train
35,train:DJI-670-720p03651.jpg,1280,720,11,0,0,0,0.0,train
36,train:DJI_0032 (7_19)_n104.jpg,3840,2160,45,0,0,0,0.0,train
37,train:DJI_0032 (7_19)_n111.jpg,3840,2160,47,0,0,0,0.0,train
38,train:DJI_0032 (7_19)_n117.jpg,3840,2160,50,0,0,0,0.0,train
39,train:DJI_0032 (7_19)_n135.jpg,3840,2160,57,0,0,0,0.0,train
40,train:DJI_0032 (7_19)_n141.jpg,3840,2160,57,0,0,0,0.0,train
41,train:DJI_0032 (7_19)_n142.jpg,3840,2160,55,0,0,0,0.0,train
42,train:DJI_0032 (7_19)_n145.jpg,3840,2160,52,0,0,0,0.0,train
43,train:DJI_0032 (7_19)_n165.jpg,3840,2160,52,0,0,0,0.0,train
44,train:DJI_0032 (7_19)_n179.jpg,3840,2160,46,0,0,0,0.0,train
45,train:DJI_0032 (7_19)_n2.jpg,3840,2160,34,0,0,0,0.0,train
46,train:DJI_0032 (7_19)_n209.jpg,3840,2160,39,0,0,0,0.0,train
47,train:DJI_0032 (7_19)_n210.jpg,3840,2160,39,0,0,0,0.0,train
48,train:DJI_0032 (7_19)_n214.jpg,3840,2160,40,0,0,0,0.0,train
49,train:DJI_0032 (7_19)_n215.jpg,3840,2160,38,0,0,0,0.0,train
50,train:DJI_0032 (7_19)_n222.jpg,3840,2160,39,0,0,0,0.0,train
51,train:DJI_0032 (7_19)_n227.jpg,3840,2160,39,0,0,0,0.0,train
52,train:DJI_0032 (7_19)_n235.jpg,3840,2160,38,0,0,0,0.0,train
53,train:DJI_0032 (7_19)_n237.jpg,3840,2160,35,0,0,0,0.0,train
54,train:DJI_0032 (7_19)_n238.jpg,3840,2160,36,0,0,0,0.0,train
55,train:DJI_0032 (7_19)_n239.jpg,3840,2160,38,0,0,0,0.0,train
56,train:DJI_0032 (7_19)_n245.jpg,3840,2160,38,0,0,0,0.0,train
57,train:DJI_0032 (7_19)_n247.jpg,3840,2160,36,0,0,0,0.0,train
58,train:DJI_0032 (7_19)_n26.jpg,3840,2160,35,0,0,0,0.0,train
59,train:DJI_0032 (7_19)_n264.jpg,3840,2160,36,0,0,0,0.0,train
60,train:DJI_0032 (7_19)_n266.jpg,3840,2160,37,0,0,0,0.0,train
61,train:DJI_0032 (7_19)_n286.jpg,3840,2160,35,0,0,0,0.0,train
62,train:DJI_0032 (7_19)_n287.jpg,3840,2160,35,0,0,0,0.0,train
63,train:DJI_0032 (7_19)_n292.jpg,3840,2160,36,0,0,0,0.0,train
64,train:DJI_0032 (7_19)_n30.jpg,3840,2160,39,0,0,0,0.0,train
65,train:DJI_0032 (7_19)_n309.jpg,3840,2160,34,0,0,0,0.0,train
66,train:DJI_0032 (7_19)_n31.jpg,3840,2160,38,0,0,0,0.0,train
67,train:DJI_0032 (7_19)_n323.jpg,3840,2160,27,0,0,0,0.0,train
68,train:DJI_0032 (7_19)_n324.jpg,3840,2160,28,0,0,0,0.0,train
69,train:DJI_0032 (7_19)_n334.jpg,3840,2160,32,0,0,0,0.0,train
70,train:DJI_0032 (7_19)_n346.jpg,3840,2160,36,0,0,0,0.0,train
71,train:DJI_0032 (7_19)_n350.jpg,3840,2160,35,0,0,0,0.0,train
72,train:DJI_0032 (7_19)_n352.jpg,3840,2160,37,0,0,0,0.0,train
73,train:DJI_0032 (7_19)_n356.jpg,3840,2160,36,0,0,0,0.0,train
74,train:DJI_0032 (7_19)_n358.jpg,3840,2160,36,0,0,0,0.0,train
75,train:DJI_0032 (7_19)_n359.jpg,3840,2160,35,0,0,0,0.0,train
76,train:DJI_0032 (7_19)_n381.jpg,3840,2160,37,0,0,0,0.0,train
77,train:DJI_0032 (7_19)_n389.jpg,3840,2160,40,0,0,0,0.0,train
78,train:DJI_0032 (7_19)_n4.jpg,3840,2160,33,0,0,0,0.0,train
79,train:DJI_0032 (7_19)_n400.jpg,3840,2160,38,0,0,0,0.0,train
80,train:DJI_0032 (7_19)_n406.jpg,3840,2160,39,0,0,0,0.0,train
81,train:DJI_0032 (7_19)_n421.jpg,3840,2160,35,0,0,0,0.0,train
82,train:DJI_0032 (7_19)_n424.jpg,3840,2160,39,0,0,0,0.0,train
83,train:DJI_0032 (7_19)_n434.jpg,3840,2160,40,0,0,0,0.0,train
84,train:DJI_0032 (7_19)_n450.jpg,3840,2160,41,0,0,0,0.0,train
85,train:DJI_0032 (7_19)_n458.jpg,3840,2160,40,0,0,0,0.0,train
86,train:DJI_0032 (7_19)_n462.jpg,3840,2160,43,0,0,0,0.0,train
87,train:DJI_0032 (7_19)_n485.jpg,3840,2160,40,0,0,0,0.0,train
88,train:DJI_0032 (7_19)_n495.jpg,3840,2160,42,0,0,0,0.0,train
89,train:DJI_0032 (7_19)_n5.jpg,3840,2160,33,0,0,0,0.0,train
90,train:DJI_0032 (7_19)_n518.jpg,3840,2160,37,0,0,0,0.0,train
91,train:DJI_0032 (7_19)_n519.jpg,3840,2160,36,0,0,0,0.0,train
92,train:DJI_0032 (7_19)_n525.jpg,3840,2160,29,0,0,0,0.0,train
93,train:DJI_0032 (7_19)_n532.jpg,3840,2160,26,0,0,0,0.0,train
94,train:DJI_0032 (7_19)_n541.jpg,3840,2160,30,0,0,0,0.0,train
95,train:DJI_0032 (7_19)_n544.jpg,3840,2160,29,0,0,0,0.0,train
96,train:DJI_0032 (7_19)_n550.jpg,3840,2160,33,0,0,0,0.0,train
97,train:DJI_0032 (7_19)_n552.jpg,3840,2160,34,0,0,0,0.0,train
98,train:DJI_0032 (7_19)_n584.jpg,3840,2160,34,0,0,0,0.0,train
99,train:DJI_0032 (7_19)_n586.jpg,3840,2160,36,0,0,0,0.0,train
100,train:DJI_0032 (7_19)_n588.jpg,3840,2160,37,0,0,0,0.0,train
101,train:DJI_0032 (7_19)_n6.jpg,3840,2160,34,0,0,0,0.0,train
102,train:DJI_0032 (7_19)_n605.jpg,3840,2160,46,0,0,0,0.0,train
103,train:DJI_0032 (7_19)_n609.jpg,3840,2160,46,0,0,0,0.0,train
104,train:DJI_0032 (7_19)_n633.jpg,3840,2160,54,0,0,0,0.0,train
105,train:DJI_0032 (7_19)_n643.jpg,3840,2160,46,0,0,0,0.0,train
106,train:DJI_0032 (7_19)_n647.jpg,3840,2160,46,0,0,0,0.0,train
107,train:DJI_0032 (7_19)_n665.jpg,3840,2160,44,0,0,0,0.0,train
108,train:DJI_0032 (7_19)_n678.jpg,3840,2160,45,0,0,0,0.0,train
109,train:DJI_0032 (7_19)_n682.jpg,3840,2160,45,0,0,0,0.0,train
110,train:DJI_0032 (7_19)_n687.jpg,3840,2160,42,0,0,0,0.0,train
111,train:DJI_0032 (7_19)_n703.jpg,3840,2160,40,0,0,0,0.0,train
112,train:DJI_0032 (7_19)_n715.jpg,3840,2160,37,0,0,0,0.0,train
113,train:DJI_0032 (7_19)_n722.jpg,3840,2160,35,0,0,0,0.0,train
114,train:DJI_0032 (7_19)_n724.jpg,3840,2160,38,0,0,0,0.0,train
115,train:DJI_0032 (7_19)_n726.jpg,3840,2160,39,0,0,0,0.0,train
116,train:DJI_0032 (7_19)_n730.jpg,3840,2160,43,0,0,0,0.0,train
117,train:DJI_0032 (7_19)_n74.jpg,3840,2160,36,0,0,0,0.0,train
118,train:DJI_0032 (7_19)_n744.jpg,3840,2160,40,0,0,0,0.0,train
119,train:DJI_0032 (7_19)_n749.jpg,3840,2160,42,0,0,0,0.0,train
120,train:DJI_0032 (7_19)_n750.jpg,3840,2160,45,0,0,0,0.0,train
121,train:DJI_0032 (7_19)_n761.jpg,3840,2160,38,0,0,0,0.0,train
122,train:DJI_0032 (7_19)_n766.jpg,3840,2160,34,0,0,0,0.0,train
123,train:DJI_0032 (7_19)_n774.jpg,3840,2160,38,0,0,0,0.0,train
124,train:DJI_0032 (7_19)_n781.jpg,3840,2160,40,0,0,0,0.0,train
125,train:DJI_0032 (7_19)_n90.jpg,3840,2160,40,0,0,0,0.0,train
126,train:DJI_0033 (7_24)_n111.jpg,3840,2160,39,0,0,0,0.0,train
127,train:DJI_0033 (7_24)_n121.jpg,3840,2160,45,0,0,0,0.0,train
128,train:DJI_0033 (7_24)_n123.jpg,3840,2160,44,0,0,0,0.0,train
129,train:DJI_0033 (7_24)_n125.jpg,3840,2160,44,0,0,0,0.0,train
130,train:DJI_0033 (7_24)_n150.jpg,3840,2160,50,0,0,0,0.0,train
131,train:DJI_0033 (7_24)_n160.jpg,3840,2160,49,0,0,0,0.0,train
132,train:DJI_0033 (7_24)_n162.jpg,3840,2160,49,0,0,0,0.0,train
133,train:DJI_0033 (7_24)_n165.jpg,3840,2160,49,0,0,0,0.0,train
134,train:DJI_0033 (7_24)_n173.jpg,3840,2160,45,0,0,0,0.0,train
135,train:DJI_0033 (7_24)_n178.jpg,3840,2160,40,0,0,0,0.0,train
136,train:DJI_0033 (7_24)_n180.jpg,3840,2160,43,0,0,0,0.0,train
137,train:DJI_0033 (7_24)_n193.jpg,3840,2160,54,0,0,0,0.0,train
138,train:DJI_0033 (7_24)_n200.jpg,3840,2160,55,0,0,0,0.0,train
139,train:DJI_0033 (7_24)_n201.jpg,3840,2160,54,0,0,0,0.0,train
140,train:DJI_0033 (7_24)_n211.jpg,3840,2160,43,0,0,0,0.0,train
141,train:DJI_0033 (7_24)_n221.jpg,3840,2160,35,0,0,0,0.0,train
142,train:DJI_0033 (7_24)_n224.jpg,3840,2160,37,0,0,0,0.0,train
143,train:DJI_0033 (7_24)_n229.jpg,3840,2160,36,0,0,0,0.0,train
144,train:DJI_0033 (7_24)_n238.jpg,3840,2160,45,0,0,0,0.0,train
145,train:DJI_0033 (7_24)_n240.jpg,3840,2160,44,0,0,0,0.0,train
146,train:DJI_0033 (7_24)_n241.jpg,3840,2160,48,0,0,0,0.0,train
147,train:DJI_0033 (7_24)_n243.jpg,3840,2160,48,0,0,0,0.0,train
148,train:DJI_0033 (7_24)_n251.jpg,3840,2160,53,0,0,0,0.0,train
149,train:DJI_0033 (7_24)_n253.jpg,3840,2160,52,0,0,0,0.0,train
150,train:DJI_0033 (7_24)_n270.jpg,3840,2160,44,0,0,0,0.0,train
151,train:DJI_0033 (7_24)_n275.jpg,3840,2160,45,0,0,0,0.0,train
152,train:DJI_0033 (7_24)_n276.jpg,3840,2160,46,0,0,0,0.0,train
153,train:DJI_0033 (7_24)_n279.jpg,3840,2160,44,0,0,0,0.0,train
154,train:DJI_0033 (7_24)_n289.jpg,3840,2160,45,0,0,0,0.0,train
155,train:DJI_0033 (7_24)_n290.jpg,3840,2160,47,0,0,0,0.0,train
156,train:DJI_0033 (7_24)_n293.jpg,3840,2160,46,0,0,0,0.0,train
157,train:DJI_0033 (7_24)_n297.jpg,3840,2160,46,0,0,0,0.0,train
158,train:DJI_0033 (7_24)_n300.jpg,3840,2160,45,0,0,0,0.0,train
159,train:DJI_0033 (7_24)_n318.jpg,3840,2160,46,0,0,0,0.0,train
160,train:DJI_0033 (7_24)_n322.jpg,3840,2160,49,0,0,0,0.0,train
161,train:DJI_0033 (7_24)_n323.jpg,3840,2160,45,0,0,0,0.0,train
162,train:DJI_0033 (7_24)_n326.jpg,3840,2160,45,0,0,0,0.0,train
163,train:DJI_0033 (7_24)_n332.jpg,3840,2160,49,0,0,0,0.0,train
164,train:DJI_0033 (7_24)_n334.jpg,3840,2160,48,0,0,0,0.0,train
165,train:DJI_0033 (7_24)_n358.jpg,3840,2160,49,0,0,0,0.0,train
166,train:DJI_0033 (7_24)_n36.jpg,3840,2160,35,0,0,0,0.0,train
167,train:DJI_0033 (7_24)_n362.jpg,3840,2160,49,0,0,0,0.0,train
168,train:DJI_0033 (7_24)_n367.jpg,3840,2160,44,0,0,0,0.0,train
169,train:DJI_0033 (7_24)_n41.jpg,3840,2160,32,0,0,0,0.0,train
170,train:DJI_0033 (7_24)_n44.jpg,3840,2160,35,0,0,0,0.0,train
171,train:DJI_0033 (7_24)_n45.jpg,3840,2160,35,0,0,0,0.0,train
172,train:DJI_0033 (7_24)_n50.jpg,3840,2160,32,0,0,0,0.0,train
173,train:DJI_0033 (7_24)_n55.jpg,3840,2160,37,0,0,0,0.0,train
174,train:DJI_0033 (7_24)_n61.jpg,3840,2160,32,0,0,0,0.0,train
175,train:DJI_0033 (7_24)_n68.jpg,3840,2160,31,0,0,0,0.0,train
176,train:DJI_0033 (7_24)_n76.jpg,3840,2160,33,0,0,0,0.0,train
177,train:DJI_0033 (7_24)_n83.jpg,3840,2160,34,0,0,0,0.0,train
178,train:DJI_0033 (7_24)_n85.jpg,3840,2160,36,0,0,0,0.0,train
179,train:DJI_0033 (7_24)_n93.jpg,3840,2160,30,0,0,0,0.0,train
180,train:DJI_0033 (7_24)_n96.jpg,3840,2160,33,0,0,0,0.0,train
181,train:DJI_0034 (7_25)_n14.jpg,3840,2160,37,0,0,0,0.0,train
182,train:DJI_0034 (7_25)_n2.jpg,3840,2160,45,0,0,0,0.0,train
183,train:DJI_0034 (7_25)_n23.jpg,3840,2160,41,0,0,0,0.0,train
184,train:DJI_0034 (7_25)_n24.jpg,3840,2160,43,0,0,0,0.0,train
185,train:DJI_0034 (7_25)_n29.jpg,3840,2160,39,0,0,0,0.0,train
186,train:DJI_0034 (7_25)_n31.jpg,3840,2160,42,0,0,0,0.0,train
187,train:DJI_0034 (7_25)_n34.jpg,3840,2160,39,0,0,0,0.0,train
188,train:DJI_0034 (7_25)_n37.jpg,3840,2160,39,0,0,0,0.0,train
189,train:DJI_0034 (7_25)_n45.jpg,3840,2160,40,0,0,0,0.0,train
190,train:DJI_0034 (7_25)_n49.jpg,3840,2160,41,0,0,0,0.0,train
191,train:DJI_0034 (7_25)_n57.jpg,3840,2160,41,0,0,0,0.0,train
192,train:DJI_0034 (7_25)_n61.jpg,3840,2160,43,0,0,0,0.0,train
193,train:DJI_0034 (7_25)_n65.jpg,3840,2160,43,0,0,0,0.0,train
194,train:DJI_0034 (7_25)_n81.jpg,3840,2160,37,0,0,0,0.0,train
195,train:DJI_0034 (7_25)_n89.jpg,3840,2160,50,0,0,0,0.0,train
196,train:DJI_0954 (6_33)_n0.jpg,3840,2160,12,0,0,0,0.0,train
197,train:DJI_0954 (6_33)_n1.jpg,3840,2160,12,0,0,0,0.0,train
198,train:DJI_0954 (6_33)_n100.jpg,3840,2160,15,0,0,0,0.0,train
199,train:DJI_0954 (6_33)_n103.jpg,3840,2160,12,0,0,0,0.0,train
200,train:DJI_0954 (6_33)_n127.jpg,3840,2160,9,0,0,0,0.0,train
201,train:DJI_0954 (6_33)_n130.jpg,3840,2160,8,0,0,0,0.0,train
202,train:DJI_0954 (6_33)_n144.jpg,3840,2160,10,0,0,0,0.0,train
203,train:DJI_0954 (6_33)_n16.jpg,3840,2160,17,0,0,0,0.0,train
204,train:DJI_0954 (6_33)_n170.jpg,3840,2160,12,0,0,0,0.0,train
205,train:DJI_0954 (6_33)_n175.jpg,3840,2160,13,0,0,0,0.0,train
206,train:DJI_0954 (6_33)_n180.jpg,3840,2160,13,0,0,0,0.0,train
207,train:DJI_0954 (6_33)_n183.jpg,3840,2160,13,0,0,0,0.0,train
208,train:DJI_0954 (6_33)_n186.jpg,3840,2160,12,0,0,0,0.0,train
209,train:DJI_0954 (6_33)_n187.jpg,3840,2160,11,0,0,0,0.0,train
210,train:DJI_0954 (6_33)_n190.jpg,3840,2160,9,0,0,0,0.0,train
211,train:DJI_0954 (6_33)_n202.jpg,3840,2160,9,0,0,0,0.0,train
212,train:DJI_0954 (6_33)_n203.jpg,3840,2160,10,0,0,0,0.0,train
213,train:DJI_0954 (6_33)_n208.jpg,3840,2160,9,0,0,0,0.0,train
214,train:DJI_0954 (6_33)_n209.jpg,3840,2160,7,0,0,0,0.0,train
215,train:DJI_0954 (6_33)_n212.jpg,3840,2160,7,0,0,0,0.0,train
216,train:DJI_0954 (6_33)_n229.jpg,3840,2160,9,0,0,0,0.0,train
217,train:DJI_0954 (6_33)_n231.jpg,3840,2160,8,0,0,0,0.0,train
218,train:DJI_0954 (6_33)_n232.jpg,3840,2160,8,0,0,0,0.0,train
219,train:DJI_0954 (6_33)_n237.jpg,3840,2160,10,0,0,0,0.0,train
220,train:DJI_0954 (6_33)_n248.jpg,3840,2160,11,0,0,0,0.0,train
221,train:DJI_0954 (6_33)_n254.jpg,3840,2160,13,0,0,0,0.0,train
222,train:DJI_0954 (6_33)_n263.jpg,3840,2160,13,0,0,0,0.0,train
223,train:DJI_0954 (6_33)_n271.jpg,3840,2160,17,0,0,0,0.0,train
224,train:DJI_0954 (6_33)_n281.jpg,3840,2160,19,0,0,0,0.0,train
225,train:DJI_0954 (6_33)_n283.jpg,3840,2160,18,0,0,0,0.0,train
226,train:DJI_0954 (6_33)_n287.jpg,3840,2160,16,0,0,0,0.0,train
227,train:DJI_0954 (6_33)_n292.jpg,3840,2160,17,0,0,0,0.0,train
228,train:DJI_0954 (6_33)_n297.jpg,3840,2160,15,0,0,0,0.0,train
229,train:DJI_0954 (6_33)_n302.jpg,3840,2160,14,0,0,0,0.0,train
230,train:DJI_0954 (6_33)_n304.jpg,3840,2160,17,0,0,0,0.0,train
231,train:DJI_0954 (6_33)_n307.jpg,3840,2160,16,0,0,0,0.0,train
232,train:DJI_0954 (6_33)_n315.jpg,3840,2160,17,0,0,0,0.0,train
233,train:DJI_0954 (6_33)_n321.jpg,3840,2160,16,0,0,0,0.0,train
234,train:DJI_0954 (6_33)_n324.jpg,3840,2160,17,0,0,0,0.0,train
235,train:DJI_0954 (6_33)_n349.jpg,3840,2160,9,0,0,0,0.0,train
236,train:DJI_0954 (6_33)_n351.jpg,3840,2160,11,0,0,0,0.0,train
237,train:DJI_0954 (6_33)_n358.jpg,3840,2160,12,0,0,0,0.0,train
238,train:DJI_0954 (6_33)_n36.jpg,3840,2160,18,0,0,0,0.0,train
239,train:DJI_0954 (6_33)_n366.jpg,3840,2160,14,0,0,0,0.0,train
240,train:DJI_0954 (6_33)_n370.jpg,3840,2160,14,0,0,0,0.0,train
241,train:DJI_0954 (6_33)_n377.jpg,3840,2160,18,0,0,0,0.0,train
242,train:DJI_0954 (6_33)_n39.jpg,3840,2160,12,0,0,0,0.0,train
243,train:DJI_0954 (6_33)_n55.jpg,3840,2160,7,0,0,0,0.0,train
244,train:DJI_0954 (6_33)_n56.jpg,3840,2160,7,0,0,0,0.0,train
245,train:DJI_0954 (6_33)_n57.jpg,3840,2160,6,0,0,0,0.0,train
246,train:DJI_0954 (6_33)_n58.jpg,3840,2160,6,0,0,0,0.0,train
247,train:DJI_0954 (6_33)_n6.jpg,3840,2160,9,0,0,0,0.0,train
248,train:DJI_0954 (6_33)_n61.jpg,3840,2160,6,0,0,0,0.0,train
249,train:DJI_0954 (6_33)_n62.jpg,3840,2160,6,0,0,0,0.0,train
250,train:DJI_0954 (6_33)_n63.jpg,3840,2160,7,0,0,0,0.0,train
251,train:DJI_0954 (6_33)_n64.jpg,3840,2160,7,0,0,0,0.0,train
252,train:DJI_0954 (6_33)_n67.jpg,3840,2160,6,0,0,0,0.0,train
253,train:DJI_0954 (6_33)_n68.jpg,3840,2160,6,0,0,0,0.0,train
254,train:DJI_0954 (6_33)_n70.jpg,3840,2160,6,0,0,0,0.0,train
255,train:DJI_0954 (6_33)_n75.jpg,3840,2160,6,0,0,0,0.0,train
256,train:DJI_0954 (6_33)_n79.jpg,3840,2160,8,0,0,0,0.0,train
257,train:DJI_0954 (6_33)_n80.jpg,3840,2160,10,0,0,0,0.0,train
258,train:DJI_0954 (6_33)_n85.jpg,3840,2160,9,0,0,0,0.0,train
259,train:DJI_0954 (6_33)_n92.jpg,3840,2160,13,0,0,0,0.0,train
260,train:DJI_0954 (6_33)_n97.jpg,3840,2160,17,0,0,0,0.0,train
261,train:DJI_0955 (6_23)_n0.jpg,3840,2160,20,0,0,0,0.0,train
262,train:DJI_0955 (6_23)_n101.jpg,3840,2160,11,0,0,0,0.0,train
263,train:DJI_0955 (6_23)_n102.jpg,3840,2160,10,0,0,0,0.0,train
264,train:DJI_0955 (6_23)_n107.jpg,3840,2160,10,0,0,0,0.0,train
265,train:DJI_0955 (6_23)_n110.jpg,3840,2160,17,0,0,0,0.0,train
266,train:DJI_0955 (6_23)_n122.jpg,3840,2160,18,0,0,0,0.0,train
267,train:DJI_0955 (6_23)_n124.jpg,3840,2160,19,0,0,0,0.0,train
268,train:DJI_0955 (6_23)_n126.jpg,3840,2160,20,0,0,0,0.0,train
269,train:DJI_0955 (6_23)_n127.jpg,3840,2160,22,0,0,0,0.0,train
270,train:DJI_0955 (6_23)_n130.jpg,3840,2160,21,0,0,0,0.0,train
271,train:DJI_0955 (6_23)_n131.jpg,3840,2160,21,0,0,0,0.0,train
272,train:DJI_0955 (6_23)_n137.jpg,3840,2160,24,0,0,0,0.0,train
273,train:DJI_0955 (6_23)_n139.jpg,3840,2160,20,0,0,0,0.0,train
274,train:DJI_0955 (6_23)_n140.jpg,3840,2160,20,0,0,0,0.0,train
275,train:DJI_0955 (6_23)_n144.jpg,3840,2160,21,0,0,0,0.0,train
276,train:DJI_0955 (6_23)_n164.jpg,3840,2160,16,0,0,0,0.0,train
277,train:DJI_0955 (6_23)_n165.jpg,3840,2160,16,0,0,0,0.0,train
278,train:DJI_0955 (6_23)_n172.jpg,3840,2160,16,0,0,0,0.0,train
279,train:DJI_0955 (6_23)_n180.jpg,3840,2160,19,0,0,0,0.0,train
280,train:DJI_0955 (6_23)_n182.jpg,3840,2160,19,0,0,0,0.0,train
281,train:DJI_0955 (6_23)_n189.jpg,3840,2160,15,0,0,0,0.0,train
282,train:DJI_0955 (6_23)_n194.jpg,3840,2160,14,0,0,0,0.0,train
283,train:DJI_0955 (6_23)_n214.jpg,3840,2160,13,0,0,0,0.0,train
284,train:DJI_0955 (6_23)_n223.jpg,3840,2160,15,0,0,0,0.0,train
285,train:DJI_0955 (6_23)_n224.jpg,3840,2160,14,0,0,0,0.0,train
286,train:DJI_0955 (6_23)_n229.jpg,3840,2160,13,0,0,0,0.0,train
287,train:DJI_0955 (6_23)_n230.jpg,3840,2160,11,0,0,0,0.0,train
288,train:DJI_0955 (6_23)_n235.jpg,3840,2160,11,0,0,0,0.0,train
289,train:DJI_0955 (6_23)_n249.jpg,3840,2160,13,0,0,0,0.0,train
290,train:DJI_0955 (6_23)_n266.jpg,3840,2160,17,0,0,0,0.0,train
291,train:DJI_0955 (6_23)_n270.jpg,3840,2160,19,0,0,0,0.0,train
292,train:DJI_0955 (6_23)_n271.jpg,3840,2160,22,0,0,0,0.0,train
293,train:DJI_0955 (6_23)_n275.jpg,3840,2160,18,0,0,0,0.0,train
294,train:DJI_0955 (6_23)_n278.jpg,3840,2160,19,0,0,0,0.0,train
295,train:DJI_0955 (6_23)_n287.jpg,3840,2160,21,0,0,0,0.0,train
296,train:DJI_0955 (6_23)_n293.jpg,3840,2160,20,0,0,0,0.0,train
297,train:DJI_0955 (6_23)_n294.jpg,3840,2160,17,0,0,0,0.0,train
298,train:DJI_0955 (6_23)_n299.jpg,3840,2160,14,0,0,0,0.0,train
299,train:DJI_0955 (6_23)_n301.jpg,3840,2160,14,0,0,0,0.0,train
300,train:DJI_0955 (6_23)_n303.jpg,3840,2160,17,0,0,0,0.0,train
301,train:DJI_0955 (6_23)_n313.jpg,3840,2160,11,0,0,0,0.0,train
302,train:DJI_0955 (6_23)_n314.jpg,3840,2160,9,0,0,0,0.0,train
303,train:DJI_0955 (6_23)_n32.jpg,3840,2160,15,0,0,0,0.0,train
304,train:DJI_0955 (6_23)_n321.jpg,3840,2160,16,0,0,0,0.0,train
305,train:DJI_0955 (6_23)_n326.jpg,3840,2160,14,0,0,0,0.0,train
306,train:DJI_0955 (6_23)_n33.jpg,3840,2160,14,0,0,0,0.0,train
307,train:DJI_0955 (6_23)_n332.jpg,3840,2160,17,0,0,0,0.0,train
308,train:DJI_0955 (6_23)_n333.jpg,3840,2160,17,0,0,0,0.0,train
309,train:DJI_0955 (6_23)_n39.jpg,3840,2160,19,0,0,0,0.0,train
310,train:DJI_0955 (6_23)_n41.jpg,3840,2160,20,0,0,0,0.0,train
311,train:DJI_0955 (6_23)_n44.jpg,3840,2160,18,0,0,0,0.0,train
312,train:DJI_0955 (6_23)_n46.jpg,3840,2160,18,0,0,0,0.0,train
313,train:DJI_0955 (6_23)_n52.jpg,3840,2160,16,0,0,0,0.0,train
314,train:DJI_0955 (6_23)_n53.jpg,3840,2160,17,0,0,0,0.0,train
315,train:DJI_0955 (6_23)_n54.jpg,3840,2160,16,0,0,0,0.0,train
316,train:DJI_0955 (6_23)_n60.jpg,3840,2160,18,0,0,0,0.0,train
317,train:DJI_0955 (6_23)_n65.jpg,3840,2160,19,0,0,0,0.0,train
318,train:DJI_0955 (6_23)_n72.jpg,3840,2160,18,0,0,0,0.0,train
319,train:DJI_0955 (6_23)_n83.jpg,3840,2160,15,0,0,0,0.0,train
320,train:DJI_0955 (6_23)_n84.jpg,3840,2160,15,0,0,0,0.0,train
321,train:DJI_0955 (6_23)_n86.jpg,3840,2160,14,0,0,0,0.0,train
322,train:DJI_0955 (6_23)_n92.jpg,3840,2160,16,0,0,0,0.0,train
323,train:DJI_0956 (6_28)_n100.jpg,3840,2160,18,0,0,0,0.0,train
324,train:DJI_0956 (6_28)_n101.jpg,3840,2160,19,0,0,0,0.0,train
325,train:DJI_0956 (6_28)_n108.jpg,3840,2160,13,0,0,0,0.0,train
326,train:DJI_0956 (6_28)_n109.jpg,3840,2160,9,0,0,0,0.0,train
327,train:DJI_0956 (6_28)_n110.jpg,3840,2160,5,0,0,0,0.0,train
328,train:DJI_0956 (6_28)_n114.jpg,3840,2160,9,0,0,0,0.0,train
329,train:DJI_0956 (6_28)_n123.jpg,3840,2160,13,0,0,0,0.0,train
330,train:DJI_0956 (6_28)_n124.jpg,3840,2160,12,0,0,0,0.0,train
331,train:DJI_0956 (6_28)_n129.jpg,3840,2160,10,0,0,0,0.0,train
332,train:DJI_0956 (6_28)_n138.jpg,3840,2160,18,0,0,0,0.0,train
333,train:DJI_0956 (6_28)_n139.jpg,3840,2160,18,0,0,0,0.0,train
334,train:DJI_0956 (6_28)_n150.jpg,3840,2160,12,0,0,0,0.0,train
335,train:DJI_0956 (6_28)_n151.jpg,3840,2160,10,0,0,0,0.0,train
336,train:DJI_0956 (6_28)_n152.jpg,3840,2160,11,0,0,0,0.0,train
337,train:DJI_0956 (6_28)_n155.jpg,3840,2160,14,0,0,0,0.0,train
338,train:DJI_0956 (6_28)_n166.jpg,3840,2160,23,0,0,0,0.0,train
339,train:DJI_0956 (6_28)_n171.jpg,3840,2160,25,0,0,0,0.0,train
340,train:DJI_0956 (6_28)_n197.jpg,3840,2160,17,0,0,0,0.0,train
341,train:DJI_0956 (6_28)_n198.jpg,3840,2160,18,0,0,0,0.0,train
342,train:DJI_0956 (6_28)_n200.jpg,3840,2160,19,0,0,0,0.0,train
343,train:DJI_0956 (6_28)_n209.jpg,3840,2160,14,0,0,0,0.0,train
344,train:DJI_0956 (6_28)_n210.jpg,3840,2160,16,0,0,0,0.0,train
345,train:DJI_0956 (6_28)_n211.jpg,3840,2160,16,0,0,0,0.0,train
346,train:DJI_0956 (6_28)_n212.jpg,3840,2160,17,0,0,0,0.0,train
347,train:DJI_0956 (6_28)_n215.jpg,3840,2160,20,0,0,0,0.0,train
348,train:DJI_0956 (6_28)_n225.jpg,3840,2160,16,0,0,0,0.0,train
349,train:DJI_0956 (6_28)_n230.jpg,3840,2160,13,0,0,0,0.0,train
350,train:DJI_0956 (6_28)_n232.jpg,3840,2160,17,0,0,0,0.0,train
351,train:DJI_0956 (6_28)_n238.jpg,3840,2160,12,0,0,0,0.0,train
352,train:DJI_0956 (6_28)_n244.jpg,3840,2160,12,0,0,0,0.0,train
353,train:DJI_0956 (6_28)_n245.jpg,3840,2160,11,0,0,0,0.0,train
354,train:DJI_0956 (6_28)_n247.jpg,3840,2160,10,0,0,0,0.0,train
355,train:DJI_0956 (6_28)_n25.jpg,3840,2160,27,0,0,0,0.0,train
356,train:DJI_0956 (6_28)_n253.jpg,3840,2160,7,0,0,0,0.0,train
357,train:DJI_0956 (6_28)_n256.jpg,3840,2160,8,0,0,0,0.0,train
358,train:DJI_0956 (6_28)_n257.jpg,3840,2160,9,0,0,0,0.0,train
359,train:DJI_0956 (6_28)_n26.jpg,3840,2160,24,0,0,0,0.0,train
360,train:DJI_0956 (6_28)_n260.jpg,3840,2160,10,0,0,0,0.0,train
361,train:DJI_0956 (6_28)_n278.jpg,3840,2160,21,0,0,0,0.0,train
362,train:DJI_0956 (6_28)_n279.jpg,3840,2160,20,0,0,0,0.0,train
363,train:DJI_0956 (6_28)_n289.jpg,3840,2160,19,0,0,0,0.0,train
364,train:DJI_0956 (6_28)_n29.jpg,3840,2160,20,0,0,0,0.0,train
365,train:DJI_0956 (6_28)_n291.jpg,3840,2160,16,0,0,0,0.0,train
366,train:DJI_0956 (6_28)_n292.jpg,3840,2160,17,0,0,0,0.0,train
367,train:DJI_0956 (6_28)_n305.jpg,3840,2160,17,0,0,0,0.0,train
368,train:DJI_0956 (6_28)_n308.jpg,3840,2160,18,0,0,0,0.0,train
369,train:DJI_0956 (6_28)_n319.jpg,3840,2160,21,0,0,0,0.0,train
370,train:DJI_0956 (6_28)_n323.jpg,3840,2160,16,0,0,0,0.0,train
371,train:DJI_0956 (6_28)_n33.jpg,3840,2160,20,0,0,0,0.0,train
372,train:DJI_0956 (6_28)_n37.jpg,3840,2160,21,0,0,0,0.0,train
373,train:DJI_0956 (6_28)_n44.jpg,3840,2160,23,0,0,0,0.0,train
374,train:DJI_0956 (6_28)_n51.jpg,3840,2160,21,0,0,0,0.0,train
375,train:DJI_0956 (6_28)_n55.jpg,3840,2160,22,0,0,0,0.0,train
376,train:DJI_0956 (6_28)_n6.jpg,3840,2160,17,0,0,0,0.0,train
377,train:DJI_0956 (6_28)_n61.jpg,3840,2160,20,0,0,0,0.0,train
378,train:DJI_0956 (6_28)_n67.jpg,3840,2160,26,0,0,0,0.0,train
379,train:DJI_0956 (6_28)_n68.jpg,3840,2160,26,0,0,0,0.0,train
380,train:DJI_0956 (6_28)_n7.jpg,3840,2160,19,0,0,0,0.0,train
381,train:DJI_0956 (6_28)_n71.jpg,3840,2160,22,0,0,0,0.0,train
382,train:DJI_0956 (6_28)_n9.jpg,3840,2160,18,0,0,0,0.0,train
383,train:DJI_0956 (6_28)_n95.jpg,3840,2160,17,0,0,0,0.0,train
384,train:DJI_0956 (6_28)_n98.jpg,3840,2160,17,0,0,0,0.0,train
385,train:DJI_0957 (6_35)_n100.jpg,3840,2160,16,0,0,0,0.0,train
386,train:DJI_0957 (6_35)_n108.jpg,3840,2160,24,0,0,0,0.0,train
387,train:DJI_0957 (6_35)_n114.jpg,3840,2160,22,0,0,0,0.0,train
388,train:DJI_0957 (6_35)_n119.jpg,3840,2160,22,0,0,0,0.0,train
389,train:DJI_0957 (6_35)_n12.jpg,3840,2160,20,0,0,0,0.0,train
390,train:DJI_0957 (6_35)_n121.jpg,3840,2160,19,0,0,0,0.0,train
391,train:DJI_0957 (6_35)_n129.jpg,3840,2160,17,0,0,0,0.0,train
392,train:DJI_0957 (6_35)_n131.jpg,3840,2160,15,0,0,0,0.0,train
393,train:DJI_0957 (6_35)_n137.jpg,3840,2160,20,0,0,0,0.0,train
394,train:DJI_0957 (6_35)_n138.jpg,3840,2160,21,0,0,0,0.0,train
395,train:DJI_0957 (6_35)_n35.jpg,3840,2160,14,0,0,0,0.0,train
396,train:DJI_0957 (6_35)_n48.jpg,3840,2160,21,0,0,0,0.0,train
397,train:DJI_0957 (6_35)_n56.jpg,3840,2160,26,0,0,0,0.0,train
398,train:DJI_0957 (6_35)_n60.jpg,3840,2160,26,0,0,0,0.0,train
399,train:DJI_0957 (6_35)_n61.jpg,3840,2160,24,0,0,0,0.0,train
400,train:DJI_0957 (6_35)_n71.jpg,3840,2160,25,0,0,0,0.0,train
401,train:DJI_0957 (6_35)_n9.jpg,3840,2160,19,0,0,0,0.0,train
402,train:DJI_0958(6_57)_n102.jpg,3840,2160,25,0,0,0,0.0,train
403,train:DJI_0958(6_57)_n105.jpg,3840,2160,20,0,0,0,0.0,train
404,train:DJI_0958(6_57)_n113.jpg,3840,2160,24,0,0,0,0.0,train
405,train:DJI_0958(6_57)_n120.jpg,3840,2160,23,0,0,0,0.0,train
406,train:DJI_0958(6_57)_n124.jpg,3840,2160,34,0,0,0,0.0,train
407,train:DJI_0958(6_57)_n125.jpg,3840,2160,34,0,0,0,0.0,train
408,train:DJI_0958(6_57)_n127.jpg,3840,2160,31,0,0,0,0.0,train
409,train:DJI_0958(6_57)_n131.jpg,3840,2160,34,0,0,0,0.0,train
410,train:DJI_0958(6_57)_n136.jpg,3840,2160,32,0,0,0,0.0,train
411,train:DJI_0958(6_57)_n138.jpg,3840,2160,31,0,0,0,0.0,train
412,train:DJI_0958(6_57)_n14.jpg,3840,2160,26,0,0,0,0.0,train
413,train:DJI_0958(6_57)_n144.jpg,3840,2160,37,0,0,0,0.0,train
414,train:DJI_0958(6_57)_n146.jpg,3840,2160,38,0,0,0,0.0,train
415,train:DJI_0958(6_57)_n151.jpg,3840,2160,35,0,0,0,0.0,train
416,train:DJI_0958(6_57)_n154.jpg,3840,2160,31,0,0,0,0.0,train
417,train:DJI_0958(6_57)_n162.jpg,3840,2160,28,0,0,0,0.0,train
418,train:DJI_0958(6_57)_n166.jpg,3840,2160,30,0,0,0,0.0,train
419,train:DJI_0958(6_57)_n172.jpg,3840,2160,31,0,0,0,0.0,train
420,train:DJI_0958(6_57)_n177.jpg,3840,2160,30,0,0,0,0.0,train
421,train:DJI_0958(6_57)_n18.jpg,3840,2160,22,0,0,0,0.0,train
422,train:DJI_0958(6_57)_n185.jpg,3840,2160,32,0,0,0,0.0,train
423,train:DJI_0958(6_57)_n193.jpg,3840,2160,30,0,0,0,0.0,train
424,train:DJI_0958(6_57)_n197.jpg,3840,2160,33,0,0,0,0.0,train
425,train:DJI_0958(6_57)_n199.jpg,3840,2160,29,0,0,0,0.0,train
426,train:DJI_0958(6_57)_n204.jpg,3840,2160,31,0,0,0,0.0,train
427,train:DJI_0958(6_57)_n214.jpg,3840,2160,38,0,0,0,0.0,train
428,train:DJI_0958(6_57)_n218.jpg,3840,2160,41,0,0,0,0.0,train
429,train:DJI_0958(6_57)_n228.jpg,3840,2160,38,0,0,0,0.0,train
430,train:DJI_0958(6_57)_n234.jpg,3840,2160,40,0,0,0,0.0,train
431,train:DJI_0958(6_57)_n235.jpg,3840,2160,41,0,0,0,0.0,train
432,train:DJI_0958(6_57)_n240.jpg,3840,2160,42,0,0,0,0.0,train
433,train:DJI_0958(6_57)_n242.jpg,3840,2160,42,0,0,0,0.0,train
434,train:DJI_0958(6_57)_n245.jpg,3840,2160,45,0,0,0,0.0,train
435,train:DJI_0958(6_57)_n253.jpg,3840,2160,40,0,0,0,0.0,train
436,train:DJI_0958(6_57)_n274.jpg,3840,2160,37,0,0,0,0.0,train
437,train:DJI_0958(6_57)_n279.jpg,3840,2160,36,0,0,0,0.0,train
438,train:DJI_0958(6_57)_n280.jpg,3840,2160,34,0,0,0,0.0,train
439,train:DJI_0958(6_57)_n284.jpg,3840,2160,36,0,0,0,0.0,train
440,train:DJI_0958(6_57)_n286.jpg,3840,2160,32,0,0,0,0.0,train
441,train:DJI_0958(6_57)_n293.jpg,3840,2160,28,0,0,0,0.0,train
442,train:DJI_0958(6_57)_n30.jpg,3840,2160,31,0,0,0,0.0,train
443,train:DJI_0958(6_57)_n302.jpg,3840,2160,32,0,0,0,0.0,train
444,train:DJI_0958(6_57)_n308.jpg,3840,2160,31,0,0,0,0.0,train
445,train:DJI_0958(6_57)_n309.jpg,3840,2160,29,0,0,0,0.0,train
446,train:DJI_0958(6_57)_n317.jpg,3840,2160,28,0,0,0,0.0,train
447,train:DJI_0958(6_57)_n32.jpg,3840,2160,31,0,0,0,0.0,train
448,train:DJI_0958(6_57)_n334.jpg,3840,2160,33,0,0,0,0.0,train
449,train:DJI_0958(6_57)_n335.jpg,3840,2160,33,0,0,0,0.0,train
450,train:DJI_0958(6_57)_n338.jpg,3840,2160,35,0,0,0,0.0,train
451,train:DJI_0958(6_57)_n341.jpg,3840,2160,34,0,0,0,0.0,train
452,train:DJI_0958(6_57)_n348.jpg,3840,2160,31,0,0,0,0.0,train
453,train:DJI_0958(6_57)_n352.jpg,3840,2160,29,0,0,0,0.0,train
454,train:DJI_0958(6_57)_n45.jpg,3840,2160,25,0,0,0,0.0,train
455,train:DJI_0958(6_57)_n52.jpg,3840,2160,27,0,0,0,0.0,train
456,train:DJI_0958(6_57)_n71.jpg,3840,2160,32,0,0,0,0.0,train
457,train:DJI_0958(6_57)_n83.jpg,3840,2160,30,0,0,0,0.0,train
458,train:DJI_0958(6_57)_n89.jpg,3840,2160,30,0,0,0,0.0,train
459,train:DJI_0960(7_07)_n10.jpg,3840,2160,29,0,0,0,0.0,train
460,train:DJI_0960(7_07)_n105.jpg,3840,2160,23,0,0,0,0.0,train
461,train:DJI_0960(7_07)_n112.jpg,3840,2160,24,0,0,0,0.0,train
462,train:DJI_0960(7_07)_n115.jpg,3840,2160,20,0,0,0,0.0,train
463,train:DJI_0960(7_07)_n119.jpg,3840,2160,22,0,0,0,0.0,train
464,train:DJI_0960(7_07)_n122.jpg,3840,2160,22,0,0,0,0.0,train
465,train:DJI_0960(7_07)_n138.jpg,3840,2160,25,0,0,0,0.0,train
466,train:DJI_0960(7_07)_n14.jpg,3840,2160,30,0,0,0,0.0,train
467,train:DJI_0960(7_07)_n140.jpg,3840,2160,28,0,0,0,0.0,train
468,train:DJI_0960(7_07)_n150.jpg,3840,2160,30,0,0,0,0.0,train
469,train:DJI_0960(7_07)_n161.jpg,3840,2160,28,0,0,0,0.0,train
470,train:DJI_0960(7_07)_n166.jpg,3840,2160,26,0,0,0,0.0,train
471,train:DJI_0960(7_07)_n169.jpg,3840,2160,23,0,0,0,0.0,train
472,train:DJI_0960(7_07)_n177.jpg,3840,2160,27,0,0,0,0.0,train
473,train:DJI_0960(7_07)_n181.jpg,3840,2160,25,0,0,0,0.0,train
474,train:DJI_0960(7_07)_n184.jpg,3840,2160,27,0,0,0,0.0,train
475,train:DJI_0960(7_07)_n187.jpg,3840,2160,25,0,0,0,0.0,train
476,train:DJI_0960(7_07)_n191.jpg,3840,2160,26,0,0,0,0.0,train
477,train:DJI_0960(7_07)_n192.jpg,3840,2160,26,0,0,0,0.0,train
478,train:DJI_0960(7_07)_n2.jpg,3840,2160,29,0,0,0,0.0,train
479,train:DJI_0960(7_07)_n200.jpg,3840,2160,27,0,0,0,0.0,train
480,train:DJI_0960(7_07)_n203.jpg,3840,2160,27,0,0,0,0.0,train
481,train:DJI_0960(7_07)_n211.jpg,3840,2160,31,0,0,0,0.0,train
482,train:DJI_0960(7_07)_n214.jpg,3840,2160,31,0,0,0,0.0,train
483,train:DJI_0960(7_07)_n216.jpg,3840,2160,30,0,0,0,0.0,train
484,train:DJI_0960(7_07)_n230.jpg,3840,2160,29,0,0,0,0.0,train
485,train:DJI_0960(7_07)_n231.jpg,3840,2160,30,0,0,0,0.0,train
486,train:DJI_0960(7_07)_n241.jpg,3840,2160,29,0,0,0,0.0,train
487,train:DJI_0960(7_07)_n249.jpg,3840,2160,32,0,0,0,0.0,train
488,train:DJI_0960(7_07)_n253.jpg,3840,2160,28,0,0,0,0.0,train
489,train:DJI_0960(7_07)_n258.jpg,3840,2160,30,0,0,0,0.0,train
490,train:DJI_0960(7_07)_n259.jpg,3840,2160,32,0,0,0,0.0,train
491,train:DJI_0960(7_07)_n261.jpg,3840,2160,30,0,0,0,0.0,train
492,train:DJI_0960(7_07)_n279.jpg,3840,2160,32,0,0,0,0.0,train
493,train:DJI_0960(7_07)_n300.jpg,3840,2160,28,0,0,0,0.0,train
494,train:DJI_0960(7_07)_n302.jpg,3840,2160,30,0,0,0,0.0,train
495,train:DJI_0960(7_07)_n31.jpg,3840,2160,18,0,0,0,0.0,train
496,train:DJI_0960(7_07)_n310.jpg,3840,2160,31,0,0,0,0.0,train
497,train:DJI_0960(7_07)_n320.jpg,3840,2160,35,0,0,0,0.0,train
498,train:DJI_0960(7_07)_n330.jpg,3840,2160,35,0,0,0,0.0,train
499,train:DJI_0960(7_07)_n344.jpg,3840,2160,36,0,0,0,0.0,train
500,train:DJI_0960(7_07)_n348.jpg,3840,2160,32,0,0,0,0.0,train
501,train:DJI_0960(7_07)_n350.jpg,3840,2160,35,0,0,0,0.0,train
502,train:DJI_0960(7_07)_n351.jpg,3840,2160,38,0,0,0,0.0,train
503,train:DJI_0960(7_07)_n359.jpg,3840,2160,33,0,0,0,0.0,train
504,train:DJI_0960(7_07)_n362.jpg,3840,2160,28,0,0,0,0.0,train
505,train:DJI_0960(7_07)_n366.jpg,3840,2160,25,0,0,0,0.0,train
506,train:DJI_0960(7_07)_n367.jpg,3840,2160,26,0,0,0,0.0,train
507,train:DJI_0960(7_07)_n373.jpg,3840,2160,24,0,0,0,0.0,train
508,train:DJI_0960(7_07)_n376.jpg,3840,2160,30,0,0,0,0.0,train
509,train:DJI_0960(7_07)_n41.jpg,3840,2160,16,0,0,0,0.0,train
510,train:DJI_0960(7_07)_n43.jpg,3840,2160,15,0,0,0,0.0,train
511,train:DJI_0960(7_07)_n46.jpg,3840,2160,22,0,0,0,0.0,train
512,train:DJI_0960(7_07)_n53.jpg,3840,2160,31,0,0,0,0.0,train
513,train:DJI_0960(7_07)_n59.jpg,3840,2160,30,0,0,0,0.0,train
514,train:DJI_0960(7_07)_n61.jpg,3840,2160,28,0,0,0,0.0,train
515,train:DJI_0960(7_07)_n67.jpg,3840,2160,30,0,0,0,0.0,train
516,train:DJI_0960(7_07)_n68.jpg,3840,2160,33,0,0,0,0.0,train
517,train:DJI_0960(7_07)_n71.jpg,3840,2160,33,0,0,0,0.0,train
518,train:DJI_0960(7_07)_n72.jpg,3840,2160,35,0,0,0,0.0,train
519,train:DJI_0960(7_07)_n79.jpg,3840,2160,33,0,0,0,0.0,train
520,train:DJI_0960(7_07)_n83.jpg,3840,2160,29,0,0,0,0.0,train
521,train:DJI_0960(7_07)_n87.jpg,3840,2160,24,0,0,0,0.0,train
522,train:DJI_0960(7_07)_n89.jpg,3840,2160,21,0,0,0,0.0,train
523,train:DJI_0960(7_07)_n91.jpg,3840,2160,22,0,0,0,0.0,train
524,train:DJI_0960(7_07)_n96.jpg,3840,2160,20,0,0,0,0.0,train
525,train:DJI_0961(7_10)_n1.jpg,3840,2160,34,0,0,0,0.0,train
526,train:DJI_0961(7_10)_n100.jpg,3840,2160,28,0,0,0,0.0,train
527,train:DJI_0961(7_10)_n103.jpg,3840,2160,29,0,0,0,0.0,train
528,train:DJI_0961(7_10)_n104.jpg,3840,2160,30,0,0,0,0.0,train
529,train:DJI_0961(7_10)_n105.jpg,3840,2160,26,0,0,0,0.0,train
530,train:DJI_0961(7_10)_n106.jpg,3840,2160,26,0,0,0,0.0,train
531,train:DJI_0961(7_10)_n11.jpg,3840,2160,32,0,0,0,0.0,train
532,train:DJI_0961(7_10)_n114.jpg,3840,2160,25,0,0,0,0.0,train
533,train:DJI_0961(7_10)_n115.jpg,3840,2160,24,0,0,0,0.0,train
534,train:DJI_0961(7_10)_n126.jpg,3840,2160,27,0,0,0,0.0,train
535,train:DJI_0961(7_10)_n129.jpg,3840,2160,27,0,0,0,0.0,train
536,train:DJI_0961(7_10)_n13.jpg,3840,2160,36,0,0,0,0.0,train
537,train:DJI_0961(7_10)_n131.jpg,3840,2160,29,0,0,0,0.0,train
538,train:DJI_0961(7_10)_n137.jpg,3840,2160,24,0,0,0,0.0,train
539,train:DJI_0961(7_10)_n140.jpg,3840,2160,16,0,0,0,0.0,train
540,train:DJI_0961(7_10)_n142.jpg,3840,2160,15,0,0,0,0.0,train
541,train:DJI_0961(7_10)_n144.jpg,3840,2160,15,0,0,0,0.0,train
542,train:DJI_0961(7_10)_n146.jpg,3840,2160,13,0,0,0,0.0,train
543,train:DJI_0961(7_10)_n152.jpg,3840,2160,20,0,0,0,0.0,train
544,train:DJI_0961(7_10)_n159.jpg,3840,2160,21,0,0,0,0.0,train
545,train:DJI_0961(7_10)_n16.jpg,3840,2160,40,0,0,0,0.0,train
546,train:DJI_0961(7_10)_n160.jpg,3840,2160,20,0,0,0,0.0,train
547,train:DJI_0961(7_10)_n162.jpg,3840,2160,15,0,0,0,0.0,train
548,train:DJI_0961(7_10)_n163.jpg,3840,2160,15,0,0,0,0.0,train
549,train:DJI_0961(7_10)_n178.jpg,3840,2160,24,0,0,0,0.0,train
550,train:DJI_0961(7_10)_n179.jpg,3840,2160,24,0,0,0,0.0,train
551,train:DJI_0961(7_10)_n18.jpg,3840,2160,35,0,0,0,0.0,train
552,train:DJI_0961(7_10)_n180.jpg,3840,2160,24,0,0,0,0.0,train
553,train:DJI_0961(7_10)_n182.jpg,3840,2160,26,0,0,0,0.0,train
554,train:DJI_0961(7_10)_n184.jpg,3840,2160,28,0,0,0,0.0,train
555,train:DJI_0961(7_10)_n188.jpg,3840,2160,33,0,0,0,0.0,train
556,train:DJI_0961(7_10)_n199.jpg,3840,2160,40,0,0,0,0.0,train
557,train:DJI_0961(7_10)_n2.jpg,3840,2160,37,0,0,0,0.0,train
558,train:DJI_0961(7_10)_n200.jpg,3840,2160,39,0,0,0,0.0,train
559,train:DJI_0961(7_10)_n203.jpg,3840,2160,36,0,0,0,0.0,train
560,train:DJI_0961(7_10)_n205.jpg,3840,2160,36,0,0,0,0.0,train
561,train:DJI_0961(7_10)_n209.jpg,3840,2160,33,0,0,0,0.0,train
562,train:DJI_0961(7_10)_n211.jpg,3840,2160,33,0,0,0,0.0,train
563,train:DJI_0961(7_10)_n217.jpg,3840,2160,27,0,0,0,0.0,train
564,train:DJI_0961(7_10)_n219.jpg,3840,2160,29,0,0,0,0.0,train
565,train:DJI_0961(7_10)_n227.jpg,3840,2160,27,0,0,0,0.0,train
566,train:DJI_0961(7_10)_n23.jpg,3840,2160,36,0,0,0,0.0,train
567,train:DJI_0961(7_10)_n232.jpg,3840,2160,27,0,0,0,0.0,train
568,train:DJI_0961(7_10)_n239.jpg,3840,2160,30,0,0,0,0.0,train
569,train:DJI_0961(7_10)_n241.jpg,3840,2160,32,0,0,0,0.0,train
570,train:DJI_0961(7_10)_n29.jpg,3840,2160,34,0,0,0,0.0,train
571,train:DJI_0961(7_10)_n30.jpg,3840,2160,33,0,0,0,0.0,train
572,train:DJI_0961(7_10)_n32.jpg,3840,2160,32,0,0,0,0.0,train
573,train:DJI_0961(7_10)_n4.jpg,3840,2160,33,0,0,0,0.0,train
574,train:DJI_0961(7_10)_n45.jpg,3840,2160,36,0,0,0,0.0,train
575,train:DJI_0961(7_10)_n49.jpg,3840,2160,31,0,0,0,0.0,train
576,train:DJI_0961(7_10)_n55.jpg,3840,2160,33,0,0,0,0.0,train
577,train:DJI_0961(7_10)_n58.jpg,3840,2160,30,0,0,0,0.0,train
578,train:DJI_0961(7_10)_n59.jpg,3840,2160,28,0,0,0,0.0,train
579,train:DJI_0961(7_10)_n70.jpg,3840,2160,33,0,0,0,0.0,train
580,train:DJI_0961(7_10)_n73.jpg,3840,2160,28,0,0,0,0.0,train
581,train:DJI_0961(7_10)_n79.jpg,3840,2160,33,0,0,0,0.0,train
582,train:DJI_0961(7_10)_n82.jpg,3840,2160,24,0,0,0,0.0,train
583,train:DJI_0962(7_32)_n100.jpg,3840,2160,51,0,0,0,0.0,train
584,train:DJI_0962(7_32)_n103.jpg,3840,2160,54,0,0,0,0.0,train
585,train:DJI_0962(7_32)_n107.jpg,3840,2160,54,0,0,0,0.0,train
586,train:DJI_0962(7_32)_n108.jpg,3840,2160,54,0,0,0,0.0,train
587,train:DJI_0962(7_32)_n111.jpg,3840,2160,50,0,0,0,0.0,train
588,train:DJI_0962(7_32)_n112.jpg,3840,2160,48,0,0,0,0.0,train
589,train:DJI_0962(7_32)_n119.jpg,3840,2160,49,0,0,0,0.0,train
590,train:DJI_0962(7_32)_n12.jpg,3840,2160,46,0,0,0,0.0,train
591,train:DJI_0962(7_32)_n124.jpg,3840,2160,49,0,0,0,0.0,train
592,train:DJI_0962(7_32)_n126.jpg,3840,2160,49,0,0,0,0.0,train
593,train:DJI_0962(7_32)_n128.jpg,3840,2160,48,0,0,0,0.0,train
594,train:DJI_0962(7_32)_n130.jpg,3840,2160,48,0,0,0,0.0,train
595,train:DJI_0962(7_32)_n148.jpg,3840,2160,49,0,0,0,0.0,train
596,train:DJI_0962(7_32)_n15.jpg,3840,2160,45,0,0,0,0.0,train
597,train:DJI_0962(7_32)_n16.jpg,3840,2160,45,0,0,0,0.0,train
598,train:DJI_0962(7_32)_n162.jpg,3840,2160,44,0,0,0,0.0,train
599,train:DJI_0962(7_32)_n175.jpg,3840,2160,52,0,0,0,0.0,train
600,train:DJI_0962(7_32)_n18.jpg,3840,2160,43,0,0,0,0.0,train
601,train:DJI_0962(7_32)_n185.jpg,3840,2160,52,0,0,0,0.0,train
602,train:DJI_0962(7_32)_n189.jpg,3840,2160,58,0,0,0,0.0,train
603,train:DJI_0962(7_32)_n192.jpg,3840,2160,54,0,0,0,0.0,train
604,train:DJI_0962(7_32)_n196.jpg,3840,2160,51,0,0,0,0.0,train
605,train:DJI_0962(7_32)_n199.jpg,3840,2160,45,0,0,0,0.0,train
606,train:DJI_0962(7_32)_n20.jpg,3840,2160,45,0,0,0,0.0,train
607,train:DJI_0962(7_32)_n203.jpg,3840,2160,43,0,0,0,0.0,train
608,train:DJI_0962(7_32)_n208.jpg,3840,2160,40,0,0,0,0.0,train
609,train:DJI_0962(7_32)_n218.jpg,3840,2160,38,0,0,0,0.0,train
610,train:DJI_0962(7_32)_n224.jpg,3840,2160,38,0,0,0,0.0,train
611,train:DJI_0962(7_32)_n228.jpg,3840,2160,42,0,0,0,0.0,train
612,train:DJI_0962(7_32)_n243.jpg,3840,2160,40,0,0,0,0.0,train
613,train:DJI_0962(7_32)_n245.jpg,3840,2160,39,0,0,0,0.0,train
614,train:DJI_0962(7_32)_n249.jpg,3840,2160,35,0,0,0,0.0,train
615,train:DJI_0962(7_32)_n254.jpg,3840,2160,41,0,0,0,0.0,train
616,train:DJI_0962(7_32)_n259.jpg,3840,2160,38,0,0,0,0.0,train
617,train:DJI_0962(7_32)_n28.jpg,3840,2160,45,0,0,0,0.0,train
618,train:DJI_0962(7_32)_n298.jpg,3840,2160,35,0,0,0,0.0,train
619,train:DJI_0962(7_32)_n3.jpg,3840,2160,40,0,0,0,0.0,train
620,train:DJI_0962(7_32)_n303.jpg,3840,2160,33,0,0,0,0.0,train
621,train:DJI_0962(7_32)_n307.jpg,3840,2160,41,0,0,0,0.0,train
622,train:DJI_0962(7_32)_n308.jpg,3840,2160,41,0,0,0,0.0,train
623,train:DJI_0962(7_32)_n31.jpg,3840,2160,43,0,0,0,0.0,train
624,train:DJI_0962(7_32)_n318.jpg,3840,2160,38,0,0,0,0.0,train
625,train:DJI_0962(7_32)_n32.jpg,3840,2160,42,0,0,0,0.0,train
626,train:DJI_0962(7_32)_n321.jpg,3840,2160,36,0,0,0,0.0,train
627,train:DJI_0962(7_32)_n322.jpg,3840,2160,36,0,0,0,0.0,train
628,train:DJI_0962(7_32)_n323.jpg,3840,2160,35,0,0,0,0.0,train
629,train:DJI_0962(7_32)_n330.jpg,3840,2160,39,0,0,0,0.0,train
630,train:DJI_0962(7_32)_n342.jpg,3840,2160,37,0,0,0,0.0,train
631,train:DJI_0962(7_32)_n350.jpg,3840,2160,38,0,0,0,0.0,train
632,train:DJI_0962(7_32)_n353.jpg,3840,2160,37,0,0,0,0.0,train
633,train:DJI_0962(7_32)_n354.jpg,3840,2160,36,0,0,0,0.0,train
634,train:DJI_0962(7_32)_n361.jpg,3840,2160,39,0,0,0,0.0,train
635,train:DJI_0962(7_32)_n364.jpg,3840,2160,38,0,0,0,0.0,train
636,train:DJI_0962(7_32)_n369.jpg,3840,2160,36,0,0,0,0.0,train
637,train:DJI_0962(7_32)_n375.jpg,3840,2160,37,0,0,0,0.0,train
638,train:DJI_0962(7_32)_n378.jpg,3840,2160,38,0,0,0,0.0,train
639,train:DJI_0962(7_32)_n38.jpg,3840,2160,43,0,0,0,0.0,train
640,train:DJI_0962(7_32)_n5.jpg,3840,2160,36,0,0,0,0.0,train
641,train:DJI_0962(7_32)_n52.jpg,3840,2160,44,0,0,0,0.0,train
642,train:DJI_0962(7_32)_n56.jpg,3840,2160,37,0,0,0,0.0,train
643,train:DJI_0962(7_32)_n58.jpg,3840,2160,41,0,0,0,0.0,train
644,train:DJI_0962(7_32)_n64.jpg,3840,2160,37,0,0,0,0.0,train
645,train:DJI_0962(7_32)_n69.jpg,3840,2160,40,0,0,0,0.0,train
646,train:DJI_0962(7_32)_n7.jpg,3840,2160,45,0,0,0,0.0,train
647,train:DJI_0962(7_32)_n70.jpg,3840,2160,40,0,0,0,0.0,train
648,train:DJI_0962(7_32)_n72.jpg,3840,2160,39,0,0,0,0.0,train
649,train:DJI_0962(7_32)_n90.jpg,3840,2160,40,0,0,0,0.0,train
650,train:DJI_0962(7_32)_n93.jpg,3840,2160,43,0,0,0,0.0,train
651,train:DJI_0962(7_32)_n98.jpg,3840,2160,51,0,0,0,0.0,train
652,train:DJI_0963(7_37)_n0.jpg,3840,2160,41,0,0,0,0.0,train
653,train:DJI_0963(7_37)_n102.jpg,3840,2160,27,0,0,0,0.0,train
654,train:DJI_0963(7_37)_n105.jpg,3840,2160,28,0,0,0,0.0,train
655,train:DJI_0963(7_37)_n109.jpg,3840,2160,30,0,0,0,0.0,train
656,train:DJI_0963(7_37)_n110.jpg,3840,2160,30,0,0,0,0.0,train
657,train:DJI_0963(7_37)_n117.jpg,3840,2160,31,0,0,0,0.0,train
658,train:DJI_0963(7_37)_n130.jpg,3840,2160,33,0,0,0,0.0,train
659,train:DJI_0963(7_37)_n153.jpg,3840,2160,46,0,0,0,0.0,train
660,train:DJI_0963(7_37)_n158.jpg,3840,2160,42,0,0,0,0.0,train
661,train:DJI_0963(7_37)_n161.jpg,3840,2160,43,0,0,0,0.0,train
662,train:DJI_0963(7_37)_n17.jpg,3840,2160,49,0,0,0,0.0,train
663,train:DJI_0963(7_37)_n174.jpg,3840,2160,45,0,0,0,0.0,train
664,train:DJI_0963(7_37)_n179.jpg,3840,2160,39,0,0,0,0.0,train
665,train:DJI_0963(7_37)_n18.jpg,3840,2160,47,0,0,0,0.0,train
666,train:DJI_0963(7_37)_n187.jpg,3840,2160,47,0,0,0,0.0,train
667,train:DJI_0963(7_37)_n191.jpg,3840,2160,45,0,0,0,0.0,train
668,train:DJI_0963(7_37)_n196.jpg,3840,2160,46,0,0,0,0.0,train
669,train:DJI_0963(7_37)_n204.jpg,3840,2160,42,0,0,0,0.0,train
670,train:DJI_0963(7_37)_n206.jpg,3840,2160,42,0,0,0,0.0,train
671,train:DJI_0963(7_37)_n212.jpg,3840,2160,44,0,0,0,0.0,train
672,train:DJI_0963(7_37)_n216.jpg,3840,2160,42,0,0,0,0.0,train
673,train:DJI_0963(7_37)_n217.jpg,3840,2160,41,0,0,0,0.0,train
674,train:DJI_0963(7_37)_n224.jpg,3840,2160,41,0,0,0,0.0,train
675,train:DJI_0963(7_37)_n229.jpg,3840,2160,40,0,0,0,0.0,train
676,train:DJI_0963(7_37)_n231.jpg,3840,2160,36,0,0,0,0.0,train
677,train:DJI_0963(7_37)_n238.jpg,3840,2160,36,0,0,0,0.0,train
678,train:DJI_0963(7_37)_n241.jpg,3840,2160,39,0,0,0,0.0,train
679,train:DJI_0963(7_37)_n249.jpg,3840,2160,31,0,0,0,0.0,train
680,train:DJI_0963(7_37)_n254.jpg,3840,2160,33,0,0,0,0.0,train
681,train:DJI_0963(7_37)_n256.jpg,3840,2160,33,0,0,0,0.0,train
682,train:DJI_0963(7_37)_n257.jpg,3840,2160,33,0,0,0,0.0,train
683,train:DJI_0963(7_37)_n261.jpg,3840,2160,37,0,0,0,0.0,train
684,train:DJI_0963(7_37)_n265.jpg,3840,2160,35,0,0,0,0.0,train
685,train:DJI_0963(7_37)_n27.jpg,3840,2160,42,0,0,0,0.0,train
686,train:DJI_0963(7_37)_n270.jpg,3840,2160,39,0,0,0,0.0,train
687,train:DJI_0963(7_37)_n279.jpg,3840,2160,36,0,0,0,0.0,train
688,train:DJI_0963(7_37)_n288.jpg,3840,2160,42,0,0,0,0.0,train
689,train:DJI_0963(7_37)_n292.jpg,3840,2160,46,0,0,0,0.0,train
690,train:DJI_0963(7_37)_n314.jpg,3840,2160,33,0,0,0,0.0,train
691,train:DJI_0963(7_37)_n318.jpg,3840,2160,29,0,0,0,0.0,train
692,train:DJI_0963(7_37)_n319.jpg,3840,2160,30,0,0,0,0.0,train
693,train:DJI_0963(7_37)_n322.jpg,3840,2160,35,0,0,0,0.0,train
694,train:DJI_0963(7_37)_n323.jpg,3840,2160,39,0,0,0,0.0,train
695,train:DJI_0963(7_37)_n325.jpg,3840,2160,40,0,0,0,0.0,train
696,train:DJI_0963(7_37)_n338.jpg,3840,2160,42,0,0,0,0.0,train
697,train:DJI_0963(7_37)_n34.jpg,3840,2160,43,0,0,0,0.0,train
698,train:DJI_0963(7_37)_n348.jpg,3840,2160,42,0,0,0,0.0,train
699,train:DJI_0963(7_37)_n35.jpg,3840,2160,43,0,0,0,0.0,train
700,train:DJI_0963(7_37)_n362.jpg,3840,2160,47,0,0,0,0.0,train
701,train:DJI_0963(7_37)_n370.jpg,3840,2160,48,0,0,0,0.0,train
702,train:DJI_0963(7_37)_n39.jpg,3840,2160,46,0,0,0,0.0,train
703,train:DJI_0963(7_37)_n4.jpg,3840,2160,44,0,0,0,0.0,train
704,train:DJI_0963(7_37)_n46.jpg,3840,2160,42,0,0,0,0.0,train
705,train:DJI_0963(7_37)_n47.jpg,3840,2160,42,0,0,0,0.0,train
706,train:DJI_0963(7_37)_n62.jpg,3840,2160,39,0,0,0,0.0,train
707,train:DJI_0963(7_37)_n71.jpg,3840,2160,42,0,0,0,0.0,train
708,train:DJI_0963(7_37)_n83.jpg,3840,2160,33,0,0,0,0.0,train
709,train:DJI_0963(7_37)_n86.jpg,3840,2160,31,0,0,0,0.0,train
710,train:DJI_0963(7_37)_n98.jpg,3840,2160,29,0,0,0,0.0,train
711,train:DJI_0964(7_41)_n0.jpg,3840,2160,44,0,0,0,0.0,train
712,train:DJI_0964(7_41)_n112.jpg,3840,2160,29,0,0,0,0.0,train
713,train:DJI_0964(7_41)_n113.jpg,3840,2160,36,0,0,0,0.0,train
714,train:DJI_0964(7_41)_n120.jpg,3840,2160,39,0,0,0,0.0,train
715,train:DJI_0964(7_41)_n121.jpg,3840,2160,38,0,0,0,0.0,train
716,train:DJI_0964(7_41)_n13.jpg,3840,2160,40,0,0,0,0.0,train
717,train:DJI_0964(7_41)_n133.jpg,3840,2160,33,0,0,0,0.0,train
718,train:DJI_0964(7_41)_n136.jpg,3840,2160,33,0,0,0,0.0,train
719,train:DJI_0964(7_41)_n139.jpg,3840,2160,34,0,0,0,0.0,train
720,train:DJI_0964(7_41)_n140.jpg,3840,2160,36,0,0,0,0.0,train
721,train:DJI_0964(7_41)_n141.jpg,3840,2160,37,0,0,0,0.0,train
722,train:DJI_0964(7_41)_n156.jpg,3840,2160,37,0,0,0,0.0,train
723,train:DJI_0964(7_41)_n157.jpg,3840,2160,37,0,0,0,0.0,train
724,train:DJI_0964(7_41)_n158.jpg,3840,2160,37,0,0,0,0.0,train
725,train:DJI_0964(7_41)_n160.jpg,3840,2160,39,0,0,0,0.0,train
726,train:DJI_0964(7_41)_n168.jpg,3840,2160,41,0,0,0,0.0,train
727,train:DJI_0964(7_41)_n169.jpg,3840,2160,42,0,0,0,0.0,train
728,train:DJI_0964(7_41)_n174.jpg,3840,2160,43,0,0,0,0.0,train
729,train:DJI_0964(7_41)_n177.jpg,3840,2160,44,0,0,0,0.0,train
730,train:DJI_0964(7_41)_n178.jpg,3840,2160,44,0,0,0,0.0,train
731,train:DJI_0964(7_41)_n18.jpg,3840,2160,39,0,0,0,0.0,train
732,train:DJI_0964(7_41)_n181.jpg,3840,2160,45,0,0,0,0.0,train
733,train:DJI_0964(7_41)_n224.jpg,3840,2160,51,0,0,0,0.0,train
734,train:DJI_0964(7_41)_n225.jpg,3840,2160,52,0,0,0,0.0,train
735,train:DJI_0964(7_41)_n23.jpg,3840,2160,39,0,0,0,0.0,train
736,train:DJI_0964(7_41)_n230.jpg,3840,2160,50,0,0,0,0.0,train
737,train:DJI_0964(7_41)_n233.jpg,3840,2160,46,0,0,0,0.0,train
738,train:DJI_0964(7_41)_n240.jpg,3840,2160,44,0,0,0,0.0,train
739,train:DJI_0964(7_41)_n244.jpg,3840,2160,46,0,0,0,0.0,train
740,train:DJI_0964(7_41)_n251.jpg,3840,2160,43,0,0,0,0.0,train
741,train:DJI_0964(7_41)_n253.jpg,3840,2160,44,0,0,0,0.0,train
742,train:DJI_0964(7_41)_n262.jpg,3840,2160,43,0,0,0,0.0,train
743,train:DJI_0964(7_41)_n27.jpg,3840,2160,34,0,0,0,0.0,train
744,train:DJI_0964(7_41)_n271.jpg,3840,2160,42,0,0,0,0.0,train
745,train:DJI_0964(7_41)_n273.jpg,3840,2160,42,0,0,0,0.0,train
746,train:DJI_0964(7_41)_n276.jpg,3840,2160,46,0,0,0,0.0,train
747,train:DJI_0964(7_41)_n279.jpg,3840,2160,46,0,0,0,0.0,train
748,train:DJI_0964(7_41)_n295.jpg,3840,2160,45,0,0,0,0.0,train
749,train:DJI_0964(7_41)_n298.jpg,3840,2160,41,0,0,0,0.0,train
750,train:DJI_0964(7_41)_n30.jpg,3840,2160,37,0,0,0,0.0,train
751,train:DJI_0964(7_41)_n304.jpg,3840,2160,43,0,0,0,0.0,train
752,train:DJI_0964(7_41)_n315.jpg,3840,2160,48,0,0,0,0.0,train
753,train:DJI_0964(7_41)_n323.jpg,3840,2160,51,0,0,0,0.0,train
754,train:DJI_0964(7_41)_n340.jpg,3840,2160,45,0,0,0,0.0,train
755,train:DJI_0964(7_41)_n347.jpg,3840,2160,39,0,0,0,0.0,train
756,train:DJI_0964(7_41)_n349.jpg,3840,2160,41,0,0,0,0.0,train
757,train:DJI_0964(7_41)_n353.jpg,3840,2160,43,0,0,0,0.0,train
758,train:DJI_0964(7_41)_n372.jpg,3840,2160,47,0,0,0,0.0,train
759,train:DJI_0964(7_41)_n380.jpg,3840,2160,42,0,0,0,0.0,train
760,train:DJI_0964(7_41)_n386.jpg,3840,2160,43,0,0,0,0.0,train
761,train:DJI_0964(7_41)_n39.jpg,3840,2160,36,0,0,0,0.0,train
762,train:DJI_0964(7_41)_n393.jpg,3840,2160,41,0,0,0,0.0,train
763,train:DJI_0964(7_41)_n4.jpg,3840,2160,42,0,0,0,0.0,train
764,train:DJI_0964(7_41)_n402.jpg,3840,2160,39,0,0,0,0.0,train
765,train:DJI_0964(7_41)_n415.jpg,3840,2160,39,0,0,0,0.0,train
766,train:DJI_0964(7_41)_n416.jpg,3840,2160,40,0,0,0,0.0,train
767,train:DJI_0964(7_41)_n420.jpg,3840,2160,38,0,0,0,0.0,train
768,train:DJI_0964(7_41)_n423.jpg,3840,2160,39,0,0,0,0.0,train
769,train:DJI_0964(7_41)_n428.jpg,3840,2160,40,0,0,0,0.0,train
770,train:DJI_0964(7_41)_n441.jpg,3840,2160,35,0,0,0,0.0,train
771,train:DJI_0964(7_41)_n444.jpg,3840,2160,35,0,0,0,0.0,train
772,train:DJI_0964(7_41)_n449.jpg,3840,2160,38,0,0,0,0.0,train
773,train:DJI_0964(7_41)_n45.jpg,3840,2160,33,0,0,0,0.0,train
774,train:DJI_0964(7_41)_n451.jpg,3840,2160,41,0,0,0,0.0,train
775,train:DJI_0964(7_41)_n453.jpg,3840,2160,44,0,0,0,0.0,train
776,train:DJI_0964(7_41)_n472.jpg,3840,2160,41,0,0,0,0.0,train
777,train:DJI_0964(7_41)_n482.jpg,3840,2160,39,0,0,0,0.0,train
778,train:DJI_0964(7_41)_n487.jpg,3840,2160,39,0,0,0,0.0,train
779,train:DJI_0964(7_41)_n498.jpg,3840,2160,39,0,0,0,0.0,train
780,train:DJI_0964(7_41)_n5.jpg,3840,2160,40,0,0,0,0.0,train
781,train:DJI_0964(7_41)_n505.jpg,3840,2160,36,0,0,0,0.0,train
782,train:DJI_0964(7_41)_n510.jpg,3840,2160,36,0,0,0,0.0,train
783,train:DJI_0964(7_41)_n513.jpg,3840,2160,39,0,0,0,0.0,train
784,train:DJI_0964(7_41)_n514.jpg,3840,2160,39,0,0,0,0.0,train
785,train:DJI_0964(7_41)_n515.jpg,3840,2160,38,0,0,0,0.0,train
786,train:DJI_0964(7_41)_n518.jpg,3840,2160,37,0,0,0,0.0,train
787,train:DJI_0964(7_41)_n540.jpg,3840,2160,38,0,0,0,0.0,train
788,train:DJI_0964(7_41)_n55.jpg,3840,2160,32,0,0,0,0.0,train
789,train:DJI_0964(7_41)_n573.jpg,3840,2160,38,0,0,0,0.0,train
790,train:DJI_0964(7_41)_n580.jpg,3840,2160,33,0,0,0,0.0,train
791,train:DJI_0964(7_41)_n602.jpg,3840,2160,36,0,0,0,0.0,train
792,train:DJI_0964(7_41)_n606.jpg,3840,2160,37,0,0,0,0.0,train
793,train:DJI_0964(7_41)_n608.jpg,3840,2160,38,0,0,0,0.0,train
794,train:DJI_0964(7_41)_n616.jpg,3840,2160,40,0,0,0,0.0,train
795,train:DJI_0964(7_41)_n617.jpg,3840,2160,39,0,0,0,0.0,train
796,train:DJI_0964(7_41)_n618.jpg,3840,2160,39,0,0,0,0.0,train
797,train:DJI_0964(7_41)_n63.jpg,3840,2160,33,0,0,0,0.0,train
798,train:DJI_0964(7_41)_n634.jpg,3840,2160,42,0,0,0,0.0,train
799,train:DJI_0964(7_41)_n636.jpg,3840,2160,44,0,0,0,0.0,train
800,train:DJI_0964(7_41)_n637.jpg,3840,2160,43,0,0,0,0.0,train
801,train:DJI_0964(7_41)_n640.jpg,3840,2160,43,0,0,0,0.0,train
802,train:DJI_0964(7_41)_n648.jpg,3840,2160,44,0,0,0,0.0,train
803,train:DJI_0964(7_41)_n649.jpg,3840,2160,45,0,0,0,0.0,train
804,train:DJI_0964(7_41)_n652.jpg,3840,2160,42,0,0,0,0.0,train
805,train:DJI_0964(7_41)_n654.jpg,3840,2160,42,0,0,0,0.0,train
806,train:DJI_0964(7_41)_n662.jpg,3840,2160,47,0,0,0,0.0,train
807,train:DJI_0964(7_41)_n672.jpg,3840,2160,46,0,0,0,0.0,train
808,train:DJI_0964(7_41)_n674.jpg,3840,2160,49,0,0,0,0.0,train
809,train:DJI_0964(7_41)_n68.jpg,3840,2160,33,0,0,0,0.0,train
810,train:DJI_0964(7_41)_n680.jpg,3840,2160,45,0,0,0,0.0,train
811,train:DJI_0964(7_41)_n687.jpg,3840,2160,46,0,0,0,0.0,train
812,train:DJI_0964(7_41)_n692.jpg,3840,2160,49,0,0,0,0.0,train
813,train:DJI_0964(7_41)_n703.jpg,3840,2160,41,0,0,0,0.0,train
814,train:DJI_0964(7_41)_n707.jpg,3840,2160,43,0,0,0,0.0,train
815,train:DJI_0964(7_41)_n710.jpg,3840,2160,49,0,0,0,0.0,train
816,train:DJI_0964(7_41)_n715.jpg,3840,2160,44,0,0,0,0.0,train
817,train:DJI_0964(7_41)_n716.jpg,3840,2160,43,0,0,0,0.0,train
818,train:DJI_0964(7_41)_n718.jpg,3840,2160,44,0,0,0,0.0,train
819,train:DJI_0964(7_41)_n723.jpg,3840,2160,41,0,0,0,0.0,train
820,train:DJI_0964(7_41)_n731.jpg,3840,2160,42,0,0,0,0.0,train
821,train:DJI_0964(7_41)_n744.jpg,3840,2160,42,0,0,0,0.0,train
822,train:DJI_0964(7_41)_n753.jpg,3840,2160,28,0,0,0,0.0,train
823,train:DJI_0964(7_41)_n760.jpg,3840,2160,49,0,0,0,0.0,train
824,train:DJI_0964(7_41)_n791.jpg,3840,2160,46,0,0,0,0.0,train
825,train:DJI_0965(7_42)_n12.jpg,3840,2160,40,0,0,0,0.0,train
826,train:DJI_0965(7_42)_n13.jpg,3840,2160,40,0,0,0,0.0,train
827,train:DJI_0965(7_42)_n20.jpg,3840,2160,38,0,0,0,0.0,train
828,train:DJI_0965(7_42)_n27.jpg,3840,2160,43,0,0,0,0.0,train
829,train:DJI_0965(7_42)_n31.jpg,3840,2160,40,0,0,0,0.0,train
830,train:DJI_0965(7_42)_n33.jpg,3840,2160,40,0,0,0,0.0,train
831,train:DJI_0965(7_42)_n35.jpg,3840,2160,43,0,0,0,0.0,train
832,train:DJI_0965(7_42)_n37.jpg,3840,2160,44,0,0,0,0.0,train
833,train:DJI_0965(7_42)_n40.jpg,3840,2160,44,0,0,0,0.0,train
834,train:DJI_0965(7_42)_n41.jpg,3840,2160,44,0,0,0,0.0,train
835,train:DJI_0965(7_42)_n45.jpg,3840,2160,45,0,0,0,0.0,train
836,train:DJI_0965(7_42)_n49.jpg,3840,2160,43,0,0,0,0.0,train
837,train:DJI_0965(7_42)_n5.jpg,3840,2160,46,0,0,0,0.0,train
838,train:DJI_0965(7_42)_n53.jpg,3840,2160,41,0,0,0,0.0,train
839,train:DJI_0965(7_42)_n59.jpg,3840,2160,41,0,0,0,0.0,train
840,train:DJI_0965(7_42)_n63.jpg,3840,2160,41,0,0,0,0.0,train
841,train:DJI_0965(7_42)_n67.jpg,3840,2160,42,0,0,0,0.0,train
842,train:DJI_0965(7_42)_n79.jpg,3840,2160,50,0,0,0,0.0,train
843,train:DJI_0965(7_42)_n81.jpg,3840,2160,50,0,0,0,0.0,train
844,train:DJI_0965(7_42)_n82.jpg,3840,2160,52,0,0,0,0.0,train
845,train:DJI_0970_n0.jpg,3840,2160,71,0,0,0,0.0,train
846,train:DJI_0970_n105.jpg,3840,2160,69,0,0,0,0.0,train
847,train:DJI_0970_n112.jpg,3840,2160,72,0,0,0,0.0,train
848,train:DJI_0970_n119.jpg,3840,2160,78,0,0,0,0.0,train
849,train:DJI_0970_n127.jpg,3840,2160,71,0,0,0,0.0,train
850,train:DJI_0970_n13.jpg,3840,2160,68,0,0,0,0.0,train
851,train:DJI_0970_n131.jpg,3840,2160,74,0,0,0,0.0,train
852,train:DJI_0970_n132.jpg,3840,2160,77,0,0,0,0.0,train
853,train:DJI_0970_n135.jpg,3840,2160,77,0,0,0,0.0,train
854,train:DJI_0970_n152.jpg,3840,2160,74,0,0,0,0.0,train
855,train:DJI_0970_n153.jpg,3840,2160,77,0,0,0,0.0,train
856,train:DJI_0970_n157.jpg,3840,2160,80,0,0,0,0.0,train
857,train:DJI_0970_n209.jpg,3840,2160,73,0,0,0,0.0,train
858,train:DJI_0970_n214.jpg,3840,2160,76,0,0,0,0.0,train
859,train:DJI_0970_n221.jpg,3840,2160,73,0,0,0,0.0,train
860,train:DJI_0970_n235.jpg,3840,2160,71,0,0,0,0.0,train
861,train:DJI_0970_n242.jpg,3840,2160,64,0,0,0,0.0,train
862,train:DJI_0970_n267.jpg,3840,2160,65,0,0,0,0.0,train
863,train:DJI_0970_n273.jpg,3840,2160,73,0,0,0,0.0,train
864,train:DJI_0970_n281.jpg,3840,2160,74,0,0,0,0.0,train
865,train:DJI_0970_n282.jpg,3840,2160,73,0,0,0,0.0,train
866,train:DJI_0970_n296.jpg,3840,2160,69,0,0,0,0.0,train
867,train:DJI_0970_n309.jpg,3840,2160,67,0,0,0,0.0,train
868,train:DJI_0970_n316.jpg,3840,2160,66,0,0,0,0.0,train
869,train:DJI_0970_n336.jpg,3840,2160,72,0,0,0,0.0,train
870,train:DJI_0970_n337.jpg,3840,2160,70,0,0,0,0.0,train
871,train:DJI_0970_n345.jpg,3840,2160,66,0,0,0,0.0,train
872,train:DJI_0970_n349.jpg,3840,2160,72,0,0,0,0.0,train
873,train:DJI_0970_n360.jpg,3840,2160,72,0,0,0,0.0,train
874,train:det_ucystr__1001.jpg,1920,1080,4,0,0,0,0.0,train
875,train:det_ucystr__1007.jpg,1920,1080,4,0,0,0,0.0,train
876,train:det_ucystr__1010.jpg,1920,1080,4,0,0,0,0.0,train
877,train:det_ucystr__1011.jpg,1920,1080,4,0,0,0,0.0,train
878,train:det_ucystr__1016.jpg,1920,1080,4,0,0,0,0.0,train
879,train:det_ucystr__102.jpg,1920,1080,4,0,0,0,0.0,train
880,train:det_ucystr__1022.jpg,1920,1080,4,0,0,0,0.0,train
881,train:det_ucystr__1023.jpg,1920,1080,4,0,0,0,0.0,train
882,train:det_ucystr__1028.jpg,1920,1080,4,0,0,0,0.0,train
883,train:det_ucystr__1030.jpg,1920,1080,4,0,0,0,0.0,train
884,train:det_ucystr__1036.jpg,1920,1080,5,0,0,0,0.0,train
885,train:det_ucystr__1037.jpg,1920,1080,5,0,0,0,0.0,train
886,train:det_ucystr__1038.jpg,1920,1080,5,0,0,0,0.0,train
887,train:det_ucystr__1044.jpg,1920,1080,5,0,0,0,0.0,train
888,train:det_ucystr__1045.jpg,1920,1080,5,0,0,0,0.0,train
889,train:det_ucystr__1046.jpg,1920,1080,5,0,0,0,0.0,train
890,train:det_ucystr__105.jpg,1920,1080,4,0,0,0,0.0,train
891,train:det_ucystr__1059.jpg,1920,1080,5,0,0,0,0.0,train
892,train:det_ucystr__1069.jpg,1920,1080,5,0,0,0,0.0,train
893,train:det_ucystr__1072.jpg,1920,1080,5,0,0,0,0.0,train
894,train:det_ucystr__1077.jpg,1920,1080,5,0,0,0,0.0,train
895,train:det_ucystr__1078.jpg,1920,1080,5,0,0,0,0.0,train
896,train:det_ucystr__1081.jpg,1920,1080,5,0,0,0,0.0,train
897,train:det_ucystr__1083.jpg,1920,1080,5,0,0,0,0.0,train
898,train:det_ucystr__1084.jpg,1920,1080,5,0,0,0,0.0,train
899,train:det_ucystr__1085.jpg,1920,1080,5,0,0,0,0.0,train
900,train:det_ucystr__1086.jpg,1920,1080,5,0,0,0,0.0,train
901,train:det_ucystr__1089.jpg,1920,1080,5,0,0,0,0.0,train
902,train:det_ucystr__109.jpg,1920,1080,4,0,0,0,0.0,train
903,train:det_ucystr__1094.jpg,1920,1080,5,0,0,0,0.0,train
904,train:det_ucystr__110.jpg,1920,1080,4,0,0,0,0.0,train
905,train:det_ucystr__1101.jpg,1920,1080,5,0,0,0,0.0,train
906,train:det_ucystr__1106.jpg,1920,1080,5,0,0,0,0.0,train
907,train:det_ucystr__1109.jpg,1920,1080,5,0,0,0,0.0,train
908,train:det_ucystr__1116.jpg,1920,1080,5,0,0,0,0.0,train
909,train:det_ucystr__1120.jpg,1920,1080,5,0,0,0,0.0,train
910,train:det_ucystr__113.jpg,1920,1080,4,0,0,0,0.0,train
911,train:det_ucystr__1137.jpg,1920,1080,4,0,0,0,0.0,train
912,train:det_ucystr__1148.jpg,1920,1080,3,0,0,0,0.0,train
913,train:det_ucystr__115.jpg,1920,1080,4,0,0,0,0.0,train
914,train:det_ucystr__1156.jpg,1920,1080,3,0,0,0,0.0,train
915,train:det_ucystr__1158.jpg,1920,1080,3,0,0,0,0.0,train
916,train:det_ucystr__1165.jpg,1920,1080,3,0,0,0,0.0,train
917,train:det_ucystr__1171.jpg,1920,1080,3,0,0,0,0.0,train
918,train:det_ucystr__1178.jpg,1920,1080,3,0,0,0,0.0,train
919,train:det_ucystr__1182.jpg,1920,1080,3,0,0,0,0.0,train
920,train:det_ucystr__1184.jpg,1920,1080,3,0,0,0,0.0,train
921,train:det_ucystr__1188.jpg,1920,1080,3,0,0,0,0.0,train
922,train:det_ucystr__1189.jpg,1920,1080,3,0,0,0,0.0,train
923,train:det_ucystr__1208.jpg,1920,1080,3,0,0,0,0.0,train
924,train:det_ucystr__1210.jpg,1920,1080,3,0,0,0,0.0,train
925,train:det_ucystr__1213.jpg,1920,1080,3,0,0,0,0.0,train
926,train:det_ucystr__1217.jpg,1920,1080,3,0,0,0,0.0,train
927,train:det_ucystr__1229.jpg,1920,1080,3,0,0,0,0.0,train
928,train:det_ucystr__1234.jpg,1920,1080,3,0,0,0,0.0,train
929,train:det_ucystr__1243.jpg,1920,1080,3,0,0,0,0.0,train
930,train:det_ucystr__1270.jpg,1920,1080,2,0,0,0,0.0,train
931,train:det_ucystr__1272.jpg,1920,1080,2,0,0,0,0.0,train
932,train:det_ucystr__1274.jpg,1920,1080,2,0,0,0,0.0,train
933,train:det_ucystr__1275.jpg,1920,1080,2,0,0,0,0.0,train
934,train:det_ucystr__1283.jpg,1920,1080,2,0,0,0,0.0,train
935,train:det_ucystr__1291.jpg,1920,1080,2,0,0,0,0.0,train
936,train:det_ucystr__1296.jpg,1920,1080,2,0,0,0,0.0,train
937,train:det_ucystr__1298.jpg,1920,1080,2,0,0,0,0.0,train
938,train:det_ucystr__1304.jpg,1920,1080,2,0,0,0,0.0,train
939,train:det_ucystr__1315.jpg,1920,1080,2,0,0,0,0.0,train
940,train:det_ucystr__1319.jpg,1920,1080,2,0,0,0,0.0,train
941,train:det_ucystr__1322.jpg,1920,1080,2,0,0,0,0.0,train
942,train:det_ucystr__1325.jpg,1920,1080,2,0,0,0,0.0,train
943,train:det_ucystr__1327.jpg,1920,1080,2,0,0,0,0.0,train
944,train:det_ucystr__1331.jpg,1920,1080,2,0,0,0,0.0,train
945,train:det_ucystr__1341.jpg,1920,1080,2,0,0,0,0.0,train
946,train:det_ucystr__1342.jpg,1920,1080,2,0,0,0,0.0,train
947,train:det_ucystr__1343.jpg,1920,1080,2,0,0,0,0.0,train
948,train:det_ucystr__1344.jpg,1920,1080,2,0,0,0,0.0,train
949,train:det_ucystr__1359.jpg,1920,1080,2,0,0,0,0.0,train
950,train:det_ucystr__1368.jpg,1920,1080,3,0,0,0,0.0,train
951,train:det_ucystr__1369.jpg,1920,1080,4,0,0,0,0.0,train
952,train:det_ucystr__1376.jpg,1920,1080,4,0,0,0,0.0,train
953,train:det_ucystr__1378.jpg,1920,1080,4,0,0,0,0.0,train
954,train:det_ucystr__1379.jpg,1920,1080,4,0,0,0,0.0,train
955,train:det_ucystr__1389.jpg,1920,1080,4,0,0,0,0.0,train
956,train:det_ucystr__139.jpg,1920,1080,4,0,0,0,0.0,train
957,train:det_ucystr__1393.jpg,1920,1080,4,0,0,0,0.0,train
958,train:det_ucystr__1395.jpg,1920,1080,4,0,0,0,0.0,train
959,train:det_ucystr__1397.jpg,1920,1080,4,0,0,0,0.0,train
960,train:det_ucystr__1398.jpg,1920,1080,4,0,0,0,0.0,train
961,train:det_ucystr__1400.jpg,1920,1080,4,0,0,0,0.0,train
962,train:det_ucystr__1407.jpg,1920,1080,4,0,0,0,0.0,train
963,train:det_ucystr__1409.jpg,1920,1080,4,0,0,0,0.0,train
964,train:det_ucystr__1416.jpg,1920,1080,4,0,0,0,0.0,train
965,train:det_ucystr__1417.jpg,1920,1080,4,0,0,0,0.0,train
966,train:det_ucystr__1418.jpg,1920,1080,4,0,0,0,0.0,train
967,train:det_ucystr__1431.jpg,1920,1080,5,0,0,0,0.0,train
968,train:det_ucystr__1447.jpg,1920,1080,5,0,0,0,0.0,train
969,train:det_ucystr__1459.jpg,1920,1080,5,0,0,0,0.0,train
970,train:det_ucystr__1469.jpg,1920,1080,5,0,0,0,0.0,train
971,train:det_ucystr__1470.jpg,1920,1080,5,0,0,0,0.0,train
972,train:det_ucystr__1471.jpg,1920,1080,5,0,0,0,0.0,train
973,train:det_ucystr__1493.jpg,1920,1080,6,0,0,0,0.0,train
974,train:det_ucystr__1498.jpg,1920,1080,6,0,0,0,0.0,train
975,train:det_ucystr__1513.jpg,1920,1080,6,0,0,0,0.0,train
976,train:det_ucystr__1521.jpg,1920,1080,6,0,0,0,0.0,train
977,train:det_ucystr__1522.jpg,1920,1080,6,0,0,0,0.0,train
978,train:det_ucystr__1527.jpg,1920,1080,7,0,0,0,0.0,train
979,train:det_ucystr__1547.jpg,1920,1080,7,0,0,0,0.0,train
980,train:det_ucystr__1548.jpg,1920,1080,7,0,0,0,0.0,train
981,train:det_ucystr__1553.jpg,1920,1080,7,0,0,0,0.0,train
982,train:det_ucystr__1557.jpg,1920,1080,7,0,0,0,0.0,train
983,train:det_ucystr__1561.jpg,1920,1080,7,0,0,0,0.0,train
984,train:det_ucystr__1562.jpg,1920,1080,7,0,0,0,0.0,train
985,train:det_ucystr__1564.jpg,1920,1080,7,0,0,0,0.0,train
986,train:det_ucystr__1578.jpg,1920,1080,8,0,0,0,0.0,train
987,train:det_ucystr__1582.jpg,1920,1080,8,0,0,0,0.0,train
988,train:det_ucystr__1587.jpg,1920,1080,8,0,0,0,0.0,train
989,train:det_ucystr__1588.jpg,1920,1080,8,0,0,0,0.0,train
990,train:det_ucystr__1590.jpg,1920,1080,8,0,0,0,0.0,train
991,train:det_ucystr__1593.jpg,1920,1080,8,0,0,0,0.0,train
992,train:det_ucystr__16.jpg,1920,1080,7,0,0,0,0.0,train
993,train:det_ucystr__160.jpg,1920,1080,4,0,0,0,0.0,train
994,train:det_ucystr__1606.jpg,1920,1080,8,0,0,0,0.0,train
995,train:det_ucystr__1614.jpg,1920,1080,8,0,0,0,0.0,train
996,train:det_ucystr__1628.jpg,1920,1080,9,0,0,0,0.0,train
997,train:det_ucystr__163.jpg,1920,1080,4,0,0,0,0.0,train
998,train:det_ucystr__1636.jpg,1920,1080,8,0,0,0,0.0,train
999,train:det_ucystr__1638.jpg,1920,1080,8,0,0,0,0.0,train
1000,train:det_ucystr__1644.jpg,1920,1080,8,0,0,0,0.0,train
1001,train:det_ucystr__1646.jpg,1920,1080,8,0,0,0,0.0,train
1002,train:det_ucystr__1649.jpg,1920,1080,7,0,0,0,0.0,train
1003,train:det_ucystr__1654.jpg,1920,1080,6,0,0,0,0.0,train
1004,train:det_ucystr__1658.jpg,1920,1080,6,0,0,0,0.0,train
1005,train:det_ucystr__1661.jpg,1920,1080,6,0,0,0,0.0,train
1006,train:det_ucystr__1670.jpg,1920,1080,6,0,0,0,0.0,train
1007,train:det_ucystr__1671.jpg,1920,1080,6,0,0,0,0.0,train
1008,train:det_ucystr__1678.jpg,1920,1080,6,0,0,0,0.0,train
1009,train:det_ucystr__1684.jpg,1920,1080,6,0,0,0,0.0,train
1010,train:det_ucystr__1688.jpg,1920,1080,5,0,0,0,0.0,train
1011,train:det_ucystr__1691.jpg,1920,1080,4,0,0,0,0.0,train
1012,train:det_ucystr__1704.jpg,1920,1080,5,0,0,0,0.0,train
1013,train:det_ucystr__1711.jpg,1920,1080,5,0,0,0,0.0,train
1014,train:det_ucystr__1716.jpg,1920,1080,5,0,0,0,0.0,train
1015,train:det_ucystr__172.jpg,1920,1080,4,0,0,0,0.0,train
1016,train:det_ucystr__1723.jpg,1920,1080,6,0,0,0,0.0,train
1017,train:det_ucystr__1724.jpg,1920,1080,5,0,0,0,0.0,train
1018,train:det_ucystr__1726.jpg,1920,1080,5,0,0,0,0.0,train
1019,train:det_ucystr__1732.jpg,1920,1080,4,0,0,0,0.0,train
1020,train:det_ucystr__1733.jpg,1920,1080,4,0,0,0,0.0,train
1021,train:det_ucystr__1735.jpg,1920,1080,4,0,0,0,0.0,train
1022,train:det_ucystr__176.jpg,1920,1080,4,0,0,0,0.0,train
1023,train:det_ucystr__1774.jpg,1920,1080,5,0,0,0,0.0,train
1024,train:det_ucystr__1776.jpg,1920,1080,5,0,0,0,0.0,train
1025,train:det_ucystr__1778.jpg,1920,1080,5,0,0,0,0.0,train
1026,train:det_ucystr__1787.jpg,1920,1080,5,0,0,0,0.0,train
1027,train:det_ucystr__1791.jpg,1920,1080,5,0,0,0,0.0,train
1028,train:det_ucystr__1792.jpg,1920,1080,5,0,0,0,0.0,train
1029,train:det_ucystr__1802.jpg,1920,1080,5,0,0,0,0.0,train
1030,train:det_ucystr__181.jpg,1920,1080,4,0,0,0,0.0,train
1031,train:det_ucystr__1812.jpg,1920,1080,5,0,0,0,0.0,train
1032,train:det_ucystr__1823.jpg,1920,1080,4,0,0,0,0.0,train
1033,train:det_ucystr__1826.jpg,1920,1080,4,0,0,0,0.0,train
1034,train:det_ucystr__1829.jpg,1920,1080,4,0,0,0,0.0,train
1035,train:det_ucystr__1836.jpg,1920,1080,6,0,0,0,0.0,train
1036,train:det_ucystr__1838.jpg,1920,1080,6,0,0,0,0.0,train
1037,train:det_ucystr__1847.jpg,1920,1080,6,0,0,0,0.0,train
1038,train:det_ucystr__1851.jpg,1920,1080,6,0,0,0,0.0,train
1039,train:det_ucystr__1855.jpg,1920,1080,6,0,0,0,0.0,train
1040,train:det_ucystr__1858.jpg,1920,1080,6,0,0,0,0.0,train
1041,train:det_ucystr__1865.jpg,1920,1080,7,0,0,0,0.0,train
1042,train:det_ucystr__1866.jpg,1920,1080,7,0,0,0,0.0,train
1043,train:det_ucystr__1870.jpg,1920,1080,7,0,0,0,0.0,train
1044,train:det_ucystr__195.jpg,1920,1080,3,0,0,0,0.0,train
1045,train:det_ucystr__199.jpg,1920,1080,3,0,0,0,0.0,train
1046,train:det_ucystr__209.jpg,1920,1080,3,0,0,0,0.0,train
1047,train:det_ucystr__211.jpg,1920,1080,3,0,0,0,0.0,train
1048,train:det_ucystr__222.jpg,1920,1080,2,0,0,0,0.0,train
1049,train:det_ucystr__223.jpg,1920,1080,2,0,0,0,0.0,train
1050,train:det_ucystr__228.jpg,1920,1080,2,0,0,0,0.0,train
1051,train:det_ucystr__229.jpg,1920,1080,2,0,0,0,0.0,train
1052,train:det_ucystr__23.jpg,1920,1080,6,0,0,0,0.0,train
1053,train:det_ucystr__234.jpg,1920,1080,2,0,0,0,0.0,train
1054,train:det_ucystr__24.jpg,1920,1080,6,0,0,0,0.0,train
1055,train:det_ucystr__246.jpg,1920,1080,2,0,0,0,0.0,train
1056,train:det_ucystr__250.jpg,1920,1080,2,0,0,0,0.0,train
1057,train:det_ucystr__256.jpg,1920,1080,2,0,0,0,0.0,train
1058,train:det_ucystr__264.jpg,1920,1080,2,0,0,0,0.0,train
1059,train:det_ucystr__265.jpg,1920,1080,2,0,0,0,0.0,train
1060,train:det_ucystr__267.jpg,1920,1080,2,0,0,0,0.0,train
1061,train:det_ucystr__273.jpg,1920,1080,2,0,0,0,0.0,train
1062,train:det_ucystr__281.jpg,1920,1080,2,0,0,0,0.0,train
1063,train:det_ucystr__285.jpg,1920,1080,2,0,0,0,0.0,train
1064,train:det_ucystr__287.jpg,1920,1080,2,0,0,0,0.0,train
1065,train:det_ucystr__310.jpg,1920,1080,4,0,0,0,0.0,train
1066,train:det_ucystr__316.jpg,1920,1080,3,0,0,0,0.0,train
1067,train:det_ucystr__319.jpg,1920,1080,3,0,0,0,0.0,train
1068,train:det_ucystr__325.jpg,1920,1080,3,0,0,0,0.0,train
1069,train:det_ucystr__329.jpg,1920,1080,3,0,0,0,0.0,train
1070,train:det_ucystr__333.jpg,1920,1080,3,0,0,0,0.0,train
1071,train:det_ucystr__341.jpg,1920,1080,3,0,0,0,0.0,train
1072,train:det_ucystr__353.jpg,1920,1080,3,0,0,0,0.0,train
1073,train:det_ucystr__358.jpg,1920,1080,3,0,0,0,0.0,train
1074,train:det_ucystr__363.jpg,1920,1080,3,0,0,0,0.0,train
1075,train:det_ucystr__366.jpg,1920,1080,3,0,0,0,0.0,train
1076,train:det_ucystr__372.jpg,1920,1080,3,0,0,0,0.0,train
1077,train:det_ucystr__375.jpg,1920,1080,3,0,0,0,0.0,train
1078,train:det_ucystr__381.jpg,1920,1080,3,0,0,0,0.0,train
1079,train:det_ucystr__387.jpg,1920,1080,3,0,0,0,0.0,train
1080,train:det_ucystr__388.jpg,1920,1080,3,0,0,0,0.0,train
1081,train:det_ucystr__389.jpg,1920,1080,3,0,0,0,0.0,train
1082,train:det_ucystr__390.jpg,1920,1080,3,0,0,0,0.0,train
1083,train:det_ucystr__391.jpg,1920,1080,3,0,0,0,0.0,train
1084,train:det_ucystr__396.jpg,1920,1080,3,0,0,0,0.0,train
1085,train:det_ucystr__398.jpg,1920,1080,3,0,0,0,0.0,train
1086,train:det_ucystr__402.jpg,1920,1080,3,0,0,0,0.0,train
1087,train:det_ucystr__404.jpg,1920,1080,3,0,0,0,0.0,train
1088,train:det_ucystr__408.jpg,1920,1080,3,0,0,0,0.0,train
1089,train:det_ucystr__409.jpg,1920,1080,3,0,0,0,0.0,train
1090,train:det_ucystr__415.jpg,1920,1080,5,0,0,0,0.0,train
1091,train:det_ucystr__417.jpg,1920,1080,5,0,0,0,0.0,train
1092,train:det_ucystr__426.jpg,1920,1080,5,0,0,0,0.0,train
1093,train:det_ucystr__437.jpg,1920,1080,5,0,0,0,0.0,train
1094,train:det_ucystr__449.jpg,1920,1080,5,0,0,0,0.0,train
1095,train:det_ucystr__45.jpg,1920,1080,6,0,0,0,0.0,train
1096,train:det_ucystr__455.jpg,1920,1080,6,0,0,0,0.0,train
1097,train:det_ucystr__461.jpg,1920,1080,6,0,0,0,0.0,train
1098,train:det_ucystr__463.jpg,1920,1080,6,0,0,0,0.0,train
1099,train:det_ucystr__466.jpg,1920,1080,6,0,0,0,0.0,train
1100,train:det_ucystr__467.jpg,1920,1080,6,0,0,0,0.0,train
1101,train:det_ucystr__476.jpg,1920,1080,7,0,0,0,0.0,train
1102,train:det_ucystr__48.jpg,1920,1080,6,0,0,0,0.0,train
1103,train:det_ucystr__482.jpg,1920,1080,7,0,0,0,0.0,train
1104,train:det_ucystr__485.jpg,1920,1080,7,0,0,0,0.0,train
1105,train:det_ucystr__496.jpg,1920,1080,7,0,0,0,0.0,train
1106,train:det_ucystr__50.jpg,1920,1080,6,0,0,0,0.0,train
1107,train:det_ucystr__500.jpg,1920,1080,7,0,0,0,0.0,train
1108,train:det_ucystr__512.jpg,1920,1080,7,0,0,0,0.0,train
1109,train:det_ucystr__516.jpg,1920,1080,8,0,0,0,0.0,train
1110,train:det_ucystr__517.jpg,1920,1080,8,0,0,0,0.0,train
1111,train:det_ucystr__520.jpg,1920,1080,8,0,0,0,0.0,train
1112,train:det_ucystr__524.jpg,1920,1080,8,0,0,0,0.0,train
1113,train:det_ucystr__527.jpg,1920,1080,8,0,0,0,0.0,train
1114,train:det_ucystr__528.jpg,1920,1080,8,0,0,0,0.0,train
1115,train:det_ucystr__53.jpg,1920,1080,6,0,0,0,0.0,train
1116,train:det_ucystr__537.jpg,1920,1080,8,0,0,0,0.0,train
1117,train:det_ucystr__538.jpg,1920,1080,8,0,0,0,0.0,train
1118,train:det_ucystr__550.jpg,1920,1080,9,0,0,0,0.0,train
1119,train:det_ucystr__564.jpg,1920,1080,9,0,0,0,0.0,train
1120,train:det_ucystr__565.jpg,1920,1080,9,0,0,0,0.0,train
1121,train:det_ucystr__584.jpg,1920,1080,10,0,0,0,0.0,train
1122,train:det_ucystr__592.jpg,1920,1080,10,0,0,0,0.0,train
1123,train:det_ucystr__594.jpg,1920,1080,10,0,0,0,0.0,train
1124,train:det_ucystr__599.jpg,1920,1080,11,0,0,0,0.0,train
1125,train:det_ucystr__60.jpg,1920,1080,6,0,0,0,0.0,train
1126,train:det_ucystr__606.jpg,1920,1080,11,0,0,0,0.0,train
1127,train:det_ucystr__616.jpg,1920,1080,12,0,0,0,0.0,train
1128,train:det_ucystr__624.jpg,1920,1080,13,0,0,0,0.0,train
1129,train:det_ucystr__626.jpg,1920,1080,13,0,0,0,0.0,train
1130,train:det_ucystr__641.jpg,1920,1080,13,0,0,0,0.0,train
1131,train:det_ucystr__645.jpg,1920,1080,12,0,0,0,0.0,train
1132,train:det_ucystr__655.jpg,1920,1080,12,0,0,0,0.0,train
1133,train:det_ucystr__658.jpg,1920,1080,12,0,0,0,0.0,train
1134,train:det_ucystr__660.jpg,1920,1080,12,0,0,0,0.0,train
1135,train:det_ucystr__668.jpg,1920,1080,11,0,0,0,0.0,train
1136,train:det_ucystr__669.jpg,1920,1080,11,0,0,0,0.0,train
1137,train:det_ucystr__673.jpg,1920,1080,11,0,0,0,0.0,train
1138,train:det_ucystr__676.jpg,1920,1080,11,0,0,0,0.0,train
1139,train:det_ucystr__69.jpg,1920,1080,5,0,0,0,0.0,train
1140,train:det_ucystr__696.jpg,1920,1080,10,0,0,0,0.0,train
1141,train:det_ucystr__697.jpg,1920,1080,10,0,0,0,0.0,train
1142,train:det_ucystr__7.jpg,1920,1080,7,0,0,0,0.0,train
1143,train:det_ucystr__700.jpg,1920,1080,10,0,0,0,0.0,train
1144,train:det_ucystr__702.jpg,1920,1080,10,0,0,0,0.0,train
1145,train:det_ucystr__703.jpg,1920,1080,10,0,0,0,0.0,train
1146,train:det_ucystr__707.jpg,1920,1080,10,0,0,0,0.0,train
1147,train:det_ucystr__711.jpg,1920,1080,10,0,0,0,0.0,train
1148,train:det_ucystr__714.jpg,1920,1080,10,0,0,0,0.0,train
1149,train:det_ucystr__723.jpg,1920,1080,10,0,0,0,0.0,train
1150,train:det_ucystr__725.jpg,1920,1080,10,0,0,0,0.0,train
1151,train:det_ucystr__729.jpg,1920,1080,10,0,0,0,0.0,train
1152,train:det_ucystr__736.jpg,1920,1080,8,0,0,0,0.0,train
1153,train:det_ucystr__748.jpg,1920,1080,8,0,0,0,0.0,train
1154,train:det_ucystr__763.jpg,1920,1080,8,0,0,0,0.0,train
1155,train:det_ucystr__771.jpg,1920,1080,8,0,0,0,0.0,train
1156,train:det_ucystr__777.jpg,1920,1080,7,0,0,0,0.0,train
1157,train:det_ucystr__779.jpg,1920,1080,7,0,0,0,0.0,train
1158,train:det_ucystr__780.jpg,1920,1080,7,0,0,0,0.0,train
1159,train:det_ucystr__783.jpg,1920,1080,7,0,0,0,0.0,train
1160,train:det_ucystr__79.jpg,1920,1080,5,0,0,0,0.0,train
1161,train:det_ucystr__810.jpg,1920,1080,7,0,0,0,0.0,train
1162,train:det_ucystr__813.jpg,1920,1080,6,0,0,0,0.0,train
1163,train:det_ucystr__834.jpg,1920,1080,6,0,0,0,0.0,train
1164,train:det_ucystr__836.jpg,1920,1080,6,0,0,0,0.0,train
1165,train:det_ucystr__842.jpg,1920,1080,5,0,0,0,0.0,train
1166,train:det_ucystr__851.jpg,1920,1080,5,0,0,0,0.0,train
1167,train:det_ucystr__854.jpg,1920,1080,5,0,0,0,0.0,train
1168,train:det_ucystr__856.jpg,1920,1080,5,0,0,0,0.0,train
1169,train:det_ucystr__857.jpg,1920,1080,5,0,0,0,0.0,train
1170,train:det_ucystr__858.jpg,1920,1080,5,0,0,0,0.0,train
1171,train:det_ucystr__86.jpg,1920,1080,4,0,0,0,0.0,train
1172,train:det_ucystr__87.jpg,1920,1080,4,0,0,0,0.0,train
1173,train:det_ucystr__873.jpg,1920,1080,5,0,0,0,0.0,train
1174,train:det_ucystr__880.jpg,1920,1080,6,0,0,0,0.0,train
1175,train:det_ucystr__892.jpg,1920,1080,6,0,0,0,0.0,train
1176,train:det_ucystr__893.jpg,1920,1080,6,0,0,0,0.0,train
1177,train:det_ucystr__896.jpg,1920,1080,6,0,0,0,0.0,train
1178,train:det_ucystr__900.jpg,1920,1080,5,0,0,0,0.0,train
1179,train:det_ucystr__901.jpg,1920,1080,5,0,0,0,0.0,train
1180,train:det_ucystr__903.jpg,1920,1080,5,0,0,0,0.0,train
1181,train:det_ucystr__904.jpg,1920,1080,5,0,0,0,0.0,train
1182,train:det_ucystr__920.jpg,1920,1080,5,0,0,0,0.0,train
1183,train:det_ucystr__923.jpg,1920,1080,5,0,0,0,0.0,train
1184,train:det_ucystr__932.jpg,1920,1080,6,0,0,0,0.0,train
1185,train:det_ucystr__939.jpg,1920,1080,6,0,0,0,0.0,train
1186,train:det_ucystr__940.jpg,1920,1080,6,0,0,0,0.0,train
1187,train:det_ucystr__951.jpg,1920,1080,6,0,0,0,0.0,train
1188,train:det_ucystr__955.jpg,1920,1080,6,0,0,0,0.0,train
1189,train:det_ucystr__957.jpg,1920,1080,6,0,0,0,0.0,train
1190,train:det_ucystr__96.jpg,1920,1080,4,0,0,0,0.0,train
1191,train:det_ucystr__960.jpg,1920,1080,6,0,0,0,0.0,train
1192,train:det_ucystr__964.jpg,1920,1080,6,0,0,0,0.0,train
1193,train:det_ucystr__969.jpg,1920,1080,6,0,0,0,0.0,train
1194,train:det_ucystr__970.jpg,1920,1080,6,0,0,0,0.0,train
1195,train:det_ucystr__977.jpg,1920,1080,6,0,0,0,0.0,train
1196,train:det_ucystr__993.jpg,1920,1080,6,0,0,0,0.0,train
1197,train:dhi_05500051_5.jpg,1280,1024,4,0,0,0,0.0,train
1198,train:dhi_05500101_6.jpg,1280,1024,1,0,0,0,0.0,train
1199,train:dhi_05500201_3.jpg,1280,1080,30,0,0,0,0.0,train
1200,train:dhi_05500251_1.jpg,1280,1080,32,0,0,0,0.0,train
1201,train:dhi_05500301_1.jpg,1280,1080,32,0,0,0,0.0,train
1202,train:dhi_05500301_6.jpg,1280,1024,113,0,0,0,0.0,train
1203,train:dhi_05500351_6.jpg,1280,1024,114,0,0,0,0.0,train
1204,train:dhi_05500401_2.jpg,1280,1080,21,0,0,0,0.0,train
1205,train:dhi_05500451_3.jpg,1280,1080,27,0,0,0,0.0,train
1206,train:dji5400001_1.jpg,1280,1080,30,0,1,0,0.0333333333333333,train
1207,train:dji5400001_4.jpg,1280,1024,15,0,0,0,0.0,train
1208,train:dji5400051_2.jpg,1280,1080,25,0,0,0,0.0,train
1209,train:dji5400051_5.jpg,1280,1024,27,0,0,0,0.0,train
1210,train:dji5400151_2.jpg,1280,1080,18,0,0,0,0.0,train
1211,train:dji5400201_1.jpg,1280,1080,21,0,0,0,0.0,train
1212,train:dji5400301_2.jpg,1280,1080,21,0,0,0,0.0,train
1213,train:dji5400351_3.jpg,1280,1080,14,0,0,0,0.0,train
1214,train:dji5400401_6.jpg,1280,1024,93,0,0,0,0.0,train
1215,train:dji5400451_2.jpg,1280,1080,19,0,0,0,0.0,train
1216,train:dji5400501_3.jpg,1280,1080,22,0,0,0,0.0,train
1217,train:dji5400501_4.jpg,1280,1024,14,0,0,0,0.0,train
1218,train:dji5400551_1.jpg,1280,1080,19,0,0,0,0.0,train
1219,train:dji5400701_6.jpg,1280,1024,96,0,0,0,0.0,train
1220,train:dji5400851_1.jpg,1280,1080,27,0,0,0,0.0,train
1221,train:dji5400901_3.jpg,1280,1080,18,0,0,0,0.0,train
1222,train:dji6000001_2.jpg,1280,1080,20,0,0,0,0.0,train
1223,train:dji6000051_1.jpg,1280,1080,27,0,0,0,0.0,train
1224,train:dji6000051_4.jpg,1280,1024,15,0,0,0,0.0,train
1225,train:dji6000101_4.jpg,1280,1024,4,0,0,0,0.0,train
1226,train:dji6000301_5.jpg,1280,1024,1,0,0,0,0.0,train
1227,train:dji6000401_6.jpg,1280,1024,5,0,0,0,0.0,train
1228,train:dji6000501_2.jpg,1280,1080,9,0,0,0,0.0,train
1229,train:dji6000601_1.jpg,1280,1080,6,0,0,0,0.0,train
1230,train:dji6000601_5.jpg,1280,1024,6,0,0,0,0.0,train
1231,train:dji6000601_6.jpg,1280,1024,6,0,0,0,0.0,train
1232,val:dji6000701_1.jpg,1280,1080,7,0,0,0,0.0,val
1233,val:dji6000701_6.jpg,1280,1024,6,0,0,0,0.0,val
1234,val:dji6000751_2.jpg,1280,1080,5,0,0,0,0.0,val
1235,val:dji6000751_3.jpg,1280,1080,3,0,0,0,0.0,val
1236,val:dji6001051_1.jpg,1280,1080,7,0,0,0,0.0,val
1237,val:dji_399_150m00401_2.jpg,1280,1024,1,0,0,0,0.0,val
1238,val:dji_399_150m00601_3.jpg,1280,1024,4,0,0,0,0.0,val
1239,val:dji_399_150m00701_2.jpg,1280,1024,3,0,0,0,0.0,val
1240,val:dji_399_150m00701_4.jpg,1280,1210,19,0,0,0,0.0,val
1241,val:dji_399_150m00701_5.jpg,1280,1210,19,0,0,0,0.0,val
1242,val:dji_399_150m00801_2.jpg,1280,1024,4,0,0,0,0.0,val
1243,val:dji_399_150m00801_4.jpg,1280,1210,15,0,0,0,0.0,val
1244,val:dji_399_150m01001_2.jpg,1280,1024,6,0,0,0,0.0,val
1245,val:dji_399_150m01001_5.jpg,1280,1210,17,0,0,0,0.0,val
1246,val:dji_399_150m01101_6.jpg,1280,1210,14,0,0,0,0.0,val
1247,val:dji_399_150m01201_2.jpg,1280,1024,8,0,0,0,0.0,val
1248,val:dji_399_150m01301_6.jpg,1280,1210,14,0,0,0,0.0,val
1249,val:dji_399_150m01901_3.jpg,1280,1024,2,0,0,0,0.0,val
1250,val:dji_399_150m02001_2.jpg,1280,1024,1,0,0,0,0.0,val
1251,val:dji_399_150m02201_1.jpg,1280,1024,7,0,0,0,0.0,val
1252,val:dji_399_150m02201_3.jpg,1280,1024,4,0,0,0,0.0,val
1253,val:dji_399_150m02201_4.jpg,1280,1210,22,0,0,0,0.0,val
1254,val:dji_399_150m02501_1.jpg,1280,1024,3,0,0,0,0.0,val
1255,val:dji_399_150m02501_4.jpg,1280,1210,15,0,0,0,0.0,val
1256,val:dji_399_150m02501_5.jpg,1280,1210,14,0,0,0,0.0,val
1257,val:dji_399_150m02601_4.jpg,1280,1210,22,0,0,0,0.0,val
1258,val:dji_399_150m02701_1.jpg,1280,1024,1,0,0,0,0.0,val
1259,val:dji_399_150m02701_5.jpg,1280,1210,18,0,0,0,0.0,val
1260,val:dji_399_150m02801_3.jpg,1280,1024,1,0,0,0,0.0,val
1261,val:dji_477_150m00201_1.jpg,1280,1080,28,0,0,0,0.0,val
1262,val:dji_477_150m00201_3.jpg,1280,1080,1,0,0,0,0.0,val
1263,val:dji_477_150m01001_3.jpg,1280,1080,1,0,0,0,0.0,val
1264,val:dji_477_150m01001_4.jpg,1280,1024,30,0,0,0,0.0,val
1265,val:dji_477_150m02001_1.jpg,1280,1080,31,0,0,0,0.0,val
1266,val:dji_477_150m02101_2.jpg,1280,1080,2,0,0,0,0.0,val
1267,val:dji_478_150m00201_3.jpg,1280,1080,1,0,0,0,0.0,val
1268,val:dji_478_150m00301_1.jpg,1280,1080,7,0,0,0,0.0,val
1269,val:dji_478_150m00401_4.jpg,1280,1024,25,0,0,0,0.0,val
1270,val:dji_478_150m00601_4.jpg,1280,1024,25,0,0,0,0.0,val
1271,val:dji_478_150m00901_3.jpg,1280,1080,1,0,0,0,0.0,val
1272,val:dji_478_150m01501_3.jpg,1280,1080,1,0,0,0,0.0,val
1273,val:dji_64_150m00001_2.jpg,1280,1080,7,0,0,0,0.0,val
1274,val:dji_64_150m00001_4.jpg,1280,1024,5,0,0,0,0.0,val
1275,val:dji_64_150m00201_2.jpg,1280,1080,9,0,0,0,0.0,val
1276,val:dji_64_150m00201_4.jpg,1280,1024,3,0,0,0,0.0,val
1277,val:dji_64_150m00401_5.jpg,1280,1024,1,0,0,0,0.0,val
1278,val:dji_64_150m00601_2.jpg,1280,1080,5,0,0,0,0.0,val
1279,val:dji_64_150m01201_4.jpg,1280,1024,3,0,0,0,0.0,val
1280,val:dji_64_150m01201_5.jpg,1280,1024,2,0,0,0,0.0,val
1281,val:dji_64_150m01601_6.jpg,1280,1024,5,0,0,0,0.0,val
1282,val:dji_64_150m02001_1.jpg,1280,1080,4,0,0,0,0.0,val
1283,val:dji_64_150m02001_3.jpg,1280,1080,8,0,0,0,0.0,val
1284,val:dji_64_150m02201_4.jpg,1280,1024,4,0,0,0,0.0,val
1285,val:dji_64_150m02401_5.jpg,1280,1024,2,0,0,0,0.0,val
1286,val:dji_64_150m03001_2.jpg,1280,1080,5,0,0,0,0.0,val
1287,val:dji_65_150m00001_3.jpg,1280,1080,7,0,0,0,0.0,val
1288,val:dji_65_150m00001_5.jpg,1280,1024,3,0,0,0,0.0,val
1289,val:dji_65_150m00201_1.jpg,1280,1080,7,0,0,0,0.0,val
1290,val:dji_65_150m00201_5.jpg,1280,1024,4,0,0,0,0.0,val
1291,val:dji_65_150m00401_1.jpg,1280,1080,6,0,0,0,0.0,val
1292,val:dji_65_150m00401_5.jpg,1280,1024,2,0,0,0,0.0,val
1293,val:dji_65_150m01001_3.jpg,1280,1080,6,0,0,0,0.0,val
1294,val:dji_65_150m01401_1.jpg,1280,1080,5,0,0,0,0.0,val
1295,val:dji_65_150m01601_5.jpg,1280,1024,2,0,0,0,0.0,val
1296,val:dji_65_150m01801_2.jpg,1280,1080,6,0,0,0,0.0,val
1297,val:dji_65_150m01801_5.jpg,1280,1024,5,0,0,0,0.0,val
1298,val:dji_65_150m01801_6.jpg,1280,1024,6,0,0,0,0.0,val
1299,val:dji_65_150m02201_2.jpg,1280,1080,3,0,0,0,0.0,val
1300,val:dji_65_150m02201_5.jpg,1280,1024,1,0,0,0,0.0,val
1301,val:dji_65_150m02601_5.jpg,1280,1024,3,0,0,0,0.0,val
1302,val:dji_65_150m02801_3.jpg,1280,1080,2,0,0,0,0.0,val
1303,val:dji_65_150m02801_4.jpg,1280,1024,2,0,0,0,0.0,val
1304,val:dji_65_150m03001_3.jpg,1280,1080,3,0,0,0,0.0,val
1305,val:dji_65_150m03001_4.jpg,1280,1024,4,0,0,0,0.0,val
1306,val:djibridge2_150m00201_4.jpg,1280,1024,72,0,0,0,0.0,val
1307,val:djibridge2_150m00401_4.jpg,1280,1024,69,0,0,0,0.0,val
1308,val:djibridge2_150m00601_1.jpg,1280,1080,11,0,1,1,0.0909090909090909,val
1309,val:djibridge2_150m01001_1.jpg,1280,1080,9,0,0,0,0.0,val
1310,val:djibridge2_150m01201_3.jpg,1280,1080,10,0,0,0,0.0,val
1311,val:djibridge2_150m01201_6.jpg,1280,1024,47,0,0,0,0.0,val
1312,val:djibridge_150m00001_6.jpg,1280,1024,47,0,0,0,0.0,val
1313,val:djibridge_150m00201_5.jpg,1280,1024,17,0,0,0,0.0,val
1314,val:djibridge_150m01001_2.jpg,1280,1080,20,0,0,0,0.0,val
1315,val:djibridge_150m01001_3.jpg,1280,1080,17,0,0,0,0.0,val
1316,val:djibridge_150m01001_5.jpg,1280,1024,21,0,0,0,0.0,val
1317,val:djibridge_150m01001_6.jpg,1280,1024,78,0,0,0,0.0,val
1318,val:djibridge_150m01201_1.jpg,1280,1080,2,0,0,0,0.0,val
1319,val:lim_0.jpg,1920,1080,241,0,16,0,0.0663900414937759,val
1320,val:lim_1020.jpg,1920,1080,235,0,19,0,0.0808510638297872,val
1321,val:lim_1050.jpg,1920,1080,240,0,20,2,0.0833333333333333,val
1322,val:lim_1065.jpg,1920,1080,224,0,12,0,0.0535714285714285,val
1323,val:lim_1095.jpg,1920,1080,237,0,17,1,0.0717299578059071,val
1324,val:lim_1110.jpg,1920,1080,239,0,19,0,0.0794979079497908,val
1325,val:lim_1125.jpg,1920,1080,240,0,18,1,0.075,val
1326,val:lim_1185.jpg,1920,1080,234,0,13,0,0.0555555555555555,val
1327,val:lim_1215.jpg,1920,1080,239,0,16,0,0.0669456066945606,val
1328,val:lim_1245.jpg,1920,1080,238,0,21,2,0.088235294117647,val
1329,val:lim_135.jpg,1920,1080,242,0,21,3,0.0867768595041322,val
1330,val:lim_1575.jpg,1920,1080,237,0,13,0,0.0548523206751054,val
1331,val:lim_1590.jpg,1920,1080,240,0,15,2,0.0625,val
1332,val:lim_1845.jpg,1920,1080,236,0,17,1,0.0720338983050847,val
1333,val:lim_1875.jpg,1920,1080,238,0,19,1,0.0798319327731092,val
1334,val:lim_1980.jpg,1920,1080,242,0,14,1,0.0578512396694214,val
1335,val:lim_2010.jpg,1920,1080,240,0,19,1,0.0791666666666666,val
1336,val:lim_2205.jpg,1920,1080,239,0,22,2,0.0920502092050209,val
1337,val:lim_2340.jpg,1920,1080,239,0,17,1,0.0711297071129707,val
1338,val:lim_2475.jpg,1920,1080,239,0,23,4,0.0962343096234309,val
1339,val:lim_270.jpg,1920,1080,237,0,22,1,0.0928270042194092,val
1340,val:lim_2910.jpg,1920,1080,248,0,22,2,0.0887096774193548,val
1341,val:lim_3075.jpg,1920,1080,243,0,21,4,0.0864197530864197,val
1342,val:lim_3210.jpg,1920,1080,244,0,18,2,0.0737704918032786,val
1343,val:lim_3510.jpg,1920,1080,254,0,19,4,0.0748031496062992,val
1344,val:lim_3630.jpg,1920,1080,259,0,24,3,0.0926640926640926,val
1345,val:lim_3765.jpg,1920,1080,207,0,10,0,0.0483091787439613,val
1346,val:lim_3795.jpg,1920,1080,206,0,9,0,0.0436893203883495,val
1347,val:lim_3915.jpg,1920,1080,205,0,8,0,0.0390243902439024,val
1348,val:pavilion_048_1065.jpg,1920,1080,21,0,0,0,0.0,val
1349,val:pavilion_048_1230.jpg,1920,1080,23,0,0,0,0.0,val
1350,val:pavilion_048_1335.jpg,1920,1080,22,0,0,0,0.0,val
1351,val:pavilion_048_1350.jpg,1920,1080,23,0,0,0,0.0,val
1352,val:pavilion_048_1530.jpg,1920,1080,21,0,0,0,0.0,val
1353,val:pavilion_048_1785.jpg,1920,1080,20,0,0,0,0.0,val
1354,val:pavilion_048_1800.jpg,1920,1080,20,0,0,0,0.0,val
1355,val:pavilion_048_1815.jpg,1920,1080,20,0,0,0,0.0,val
1356,val:pavilion_048_1905.jpg,1920,1080,23,0,0,0,0.0,val
1357,val:pavilion_048_1950.jpg,1920,1080,22,0,0,0,0.0,val
1358,val:pavilion_048_2070.jpg,1920,1080,22,0,0,0,0.0,val
1359,val:pavilion_048_2145.jpg,1920,1080,23,0,0,0,0.0,val
1360,val:pavilion_048_225.jpg,1920,1080,23,0,0,0,0.0,val
1361,val:pavilion_048_2250.jpg,1920,1080,23,0,0,0,0.0,val
1362,val:pavilion_048_2280.jpg,1920,1080,23,0,0,0,0.0,val
1363,val:pavilion_048_2310.jpg,1920,1080,22,0,0,0,0.0,val
1364,val:pavilion_048_2490.jpg,1920,1080,24,0,0,0,0.0,val
1365,val:pavilion_048_255.jpg,1920,1080,23,0,0,0,0.0,val
1366,val:pavilion_048_2565.jpg,1920,1080,26,0,0,0,0.0,val
1367,val:pavilion_048_2625.jpg,1920,1080,27,0,0,0,0.0,val
1368,val:pavilion_048_2745.jpg,1920,1080,26,0,0,0,0.0,val
1369,val:pavilion_048_2775.jpg,1920,1080,25,0,1,0,0.04,val
1370,val:pavilion_048_285.jpg,1920,1080,24,0,0,0,0.0,val
1371,val:pavilion_048_2895.jpg,1920,1080,24,0,0,0,0.0,val
1372,val:pavilion_048_30.jpg,1920,1080,25,0,0,0,0.0,val
1373,val:pavilion_048_3090.jpg,1920,1080,21,0,0,0,0.0,val
1374,val:pavilion_048_3135.jpg,1920,1080,22,0,0,0,0.0,val
1375,val:pavilion_048_3255.jpg,1920,1080,19,0,0,0,0.0,val
1376,val:pavilion_048_3330.jpg,1920,1080,18,0,0,0,0.0,val
1377,val:pavilion_048_345.jpg,1920,1080,21,0,0,0,0.0,val
1378,val:pavilion_048_3450.jpg,1920,1080,22,0,0,0,0.0,val
1379,val:pavilion_048_3525.jpg,1920,1080,24,0,0,0,0.0,val
1380,val:pavilion_048_3645.jpg,1920,1080,21,0,0,0,0.0,val
1381,val:pavilion_048_3720.jpg,1920,1080,18,0,0,0,0.0,val
1382,val:pavilion_048_3840.jpg,1920,1080,19,0,0,0,0.0,val
1383,val:pavilion_048_3855.jpg,1920,1080,20,0,0,0,0.0,val
1384,val:pavilion_048_3990.jpg,1920,1080,21,0,0,0,0.0,val
1385,val:pavilion_048_4035.jpg,1920,1080,21,0,0,0,0.0,val
1386,val:pavilion_048_405.jpg,1920,1080,21,0,0,0,0.0,val
1387,val:pavilion_048_4110.jpg,1920,1080,20,0,0,0,0.0,val
1388,val:pavilion_048_420.jpg,1920,1080,20,0,0,0,0.0,val
1389,val:pavilion_048_4200.jpg,1920,1080,18,0,0,0,0.0,val
1390,val:pavilion_048_4245.jpg,1920,1080,19,0,0,0,0.0,val
1391,val:pavilion_048_4260.jpg,1920,1080,20,0,0,0,0.0,val
1392,val:pavilion_048_435.jpg,1920,1080,20,0,0,0,0.0,val
1393,val:pavilion_048_4470.jpg,1920,1080,24,0,0,0,0.0,val
1394,val:pavilion_048_4560.jpg,1920,1080,23,0,0,0,0.0,val
1395,val:pavilion_048_4590.jpg,1920,1080,23,0,0,0,0.0,val
1396,val:pavilion_048_4680.jpg,1920,1080,24,0,0,0,0.0,val
1397,val:pavilion_048_4710.jpg,1920,1080,23,0,0,0,0.0,val
1398,val:pavilion_048_4845.jpg,1920,1080,23,0,0,0,0.0,val
1399,val:pavilion_048_495.jpg,1920,1080,20,0,0,0,0.0,val
1400,val:pavilion_048_4980.jpg,1920,1080,27,0,0,0,0.0,val
1401,val:pavilion_048_5250.jpg,1920,1080,24,0,0,0,0.0,val
1402,val:pavilion_048_5295.jpg,1920,1080,23,0,0,0,0.0,val
1403,val:pavilion_048_5385.jpg,1920,1080,23,0,0,0,0.0,val
1404,val:pavilion_048_5400.jpg,1920,1080,24,0,0,0,0.0,val
1405,val:pavilion_048_5415.jpg,1920,1080,25,0,0,0,0.0,val
1406,val:pavilion_048_5460.jpg,1920,1080,26,0,0,0,0.0,val
1407,val:pavilion_048_5565.jpg,1920,1080,24,0,0,0,0.0,val
1408,val:pavilion_048_5655.jpg,1920,1080,24,0,0,0,0.0,val
1409,val:pavilion_048_570.jpg,1920,1080,20,0,0,0,0.0,val
1410,val:pavilion_048_5745.jpg,1920,1080,24,0,0,0,0.0,val
1411,val:pavilion_048_5760.jpg,1920,1080,24,0,0,0,0.0,val
1412,val:pavilion_048_5925.jpg,1920,1080,26,0,0,0,0.0,val
1413,val:pavilion_048_5970.jpg,1920,1080,26,0,0,0,0.0,val
1414,val:pavilion_048_6000.jpg,1920,1080,25,0,0,0,0.0,val
1415,val:pavilion_048_6075.jpg,1920,1080,23,0,0,0,0.0,val
1416,val:pavilion_048_6135.jpg,1920,1080,23,0,0,0,0.0,val
1417,val:pavilion_048_6165.jpg,1920,1080,22,0,0,0,0.0,val
1418,val:pavilion_048_6240.jpg,1920,1080,22,0,0,0,0.0,val
1419,val:pavilion_048_630.jpg,1920,1080,20,0,0,0,0.0,val
1420,val:pavilion_048_6480.jpg,1920,1080,22,0,0,0,0.0,val
1421,val:pavilion_048_6525.jpg,1920,1080,23,0,0,0,0.0,val
1422,val:pavilion_048_6645.jpg,1920,1080,23,0,0,0,0.0,val
1423,val:pavilion_048_6765.jpg,1920,1080,23,0,0,0,0.0,val
1424,val:pavilion_048_6840.jpg,1920,1080,24,0,1,0,0.0416666666666666,val
1425,val:pavilion_048_6960.jpg,1920,1080,22,0,0,0,0.0,val
1426,val:pavilion_048_7005.jpg,1920,1080,23,0,0,0,0.0,val
1427,val:pavilion_048_7110.jpg,1920,1080,22,0,0,0,0.0,val
1428,val:pavilion_048_7140.jpg,1920,1080,23,0,1,0,0.0434782608695652,val
1429,val:pavilion_048_7185.jpg,1920,1080,23,0,0,0,0.0,val
1430,val:pavilion_048_7215.jpg,1920,1080,22,0,0,0,0.0,val
1431,val:pavilion_048_7275.jpg,1920,1080,20,0,0,0,0.0,val
1432,val:pavilion_048_7380.jpg,1920,1080,21,0,0,0,0.0,val
1433,val:pavilion_048_7395.jpg,1920,1080,21,0,0,0,0.0,val
1434,val:pavilion_048_7485.jpg,1920,1080,24,0,0,0,0.0,val
1435,val:pavilion_048_75.jpg,1920,1080,24,0,0,0,0.0,val
1436,val:pavilion_048_7605.jpg,1920,1080,24,0,0,0,0.0,val
1437,val:pavilion_048_7650.jpg,1920,1080,24,0,0,0,0.0,val
1438,val:pavilion_048_7785.jpg,1920,1080,20,0,0,0,0.0,val
1439,val:pavilion_048_7830.jpg,1920,1080,21,0,0,0,0.0,val
1440,val:pavilion_048_7845.jpg,1920,1080,23,0,0,0,0.0,val
1441,val:pavilion_048_7995.jpg,1920,1080,24,0,0,0,0.0,val
1442,val:pavilion_048_8025.jpg,1920,1080,24,0,0,0,0.0,val
1443,val:pavilion_048_8145.jpg,1920,1080,19,0,0,0,0.0,val
1444,val:pavilion_048_8415.jpg,1920,1080,21,0,0,0,0.0,val
1445,val:pavilion_048_8505.jpg,1920,1080,25,0,0,0,0.0,val
1446,val:pavilion_048_8520.jpg,1920,1080,26,0,0,0,0.0,val
1447,val:pavilion_048_8670.jpg,1920,1080,23,0,0,0,0.0,val
1448,val:pavilion_048_8700.jpg,1920,1080,21,0,0,0,0.0,val
1449,val:pavilion_048_885.jpg,1920,1080,21,0,0,0,0.0,val
1450,val:pavilion_048_945.jpg,1920,1080,20,0,0,0,0.0,val
1451,val:pavilion_048_990.jpg,1920,1080,21,0,0,0,0.0,val
1452,val:train101.jpg,512,512,24,0,0,0,0.0,val
1453,val:train108.jpg,512,512,20,0,1,0,0.05,val
1454,val:train11.jpg,512,512,14,0,1,0,0.0714285714285714,val
1455,val:train112.jpg,512,512,12,0,1,0,0.0833333333333333,val
1456,val:train120.jpg,512,512,20,0,1,0,0.05,val
1457,val:train125.jpg,512,512,25,0,0,0,0.0,val
1458,val:train127.jpg,512,512,12,0,0,0,0.0,val
1459,val:train27.jpg,512,512,6,0,1,0,0.1666666666666666,val
1460,val:train34.jpg,512,512,14,0,1,0,0.0714285714285714,val
1461,val:train39.jpg,512,512,6,0,1,0,0.1666666666666666,val
1462,val:train42.jpg,512,512,20,0,0,0,0.0,val
1463,val:train53.jpg,512,512,27,0,1,0,0.037037037037037,val
1464,val:train55.jpg,512,512,12,0,0,0,0.0,val
1465,val:train57.jpg,512,512,11,0,0,0,0.0,val
1466,val:train63.jpg,512,512,6,0,0,0,0.0,val
1467,val:train67.jpg,512,512,12,0,0,0,0.0,val
1468,val:train68.jpg,512,512,4,0,0,0,0.0,val
1469,val:train7.jpg,512,512,12,0,1,0,0.0833333333333333,val
1470,val:train70.jpg,512,512,14,0,1,0,0.0714285714285714,val
1471,val:train78.jpg,512,512,20,0,0,0,0.0,val
1472,val:train82.jpg,512,512,14,0,1,0,0.0714285714285714,val
1473,val:train85.jpg,512,512,56,0,4,0,0.0714285714285714,val
1474,val:train86.jpg,512,512,11,0,0,0,0.0,val
1475,val:train87.jpg,512,512,6,0,0,0,0.0,val
1476,val:train9.jpg,512,512,13,0,1,0,0.0769230769230769,val
1477,val:train95.jpg,512,512,14,0,1,0,0.0714285714285714,val
1478,val:train97.jpg,512,512,54,0,5,1,0.0925925925925925,val
1479,val:train98.jpg,512,512,11,0,0,0,0.0,val
1480,val:train99.jpg,512,512,6,0,0,0,0.0,val
1481,val:traina101.jpg,512,512,8,0,0,0,0.0,val
1482,val:traina105.jpg,512,512,13,0,0,0,0.0,val
1483,val:traina115.jpg,512,512,2,0,0,0,0.0,val
1484,val:traina119.jpg,512,512,3,0,0,0,0.0,val
1485,val:traina137.jpg,512,512,9,0,0,0,0.0,val
1486,val:traina144.jpg,512,512,2,0,0,0,0.0,val
1487,val:traina15.jpg,512,512,3,0,0,0,0.0,val
1488,val:traina151.jpg,512,512,2,0,0,0,0.0,val
1489,val:traina157.jpg,512,512,13,0,0,0,0.0,val
1490,val:traina162.jpg,512,512,6,0,0,0,0.0,val
1491,val:traina163.jpg,512,512,2,0,0,0,0.0,val
1492,val:traina17.jpg,512,512,7,0,0,0,0.0,val
1493,val:traina172.jpg,512,512,5,0,0,0,0.0,val
1494,val:traina174.jpg,512,512,6,0,0,0,0.0,val
1495,val:traina176.jpg,512,512,19,0,1,0,0.0526315789473684,val
1496,val:traina179.jpg,512,512,3,0,0,0,0.0,val
1497,val:traina180.jpg,512,512,2,0,0,0,0.0,val
1498,val:traina181.jpg,512,512,13,0,0,0,0.0,val
1499,val:traina183.jpg,512,512,3,0,0,0,0.0,val
1500,val:traina184.jpg,512,512,5,0,0,0,0.0,val
1501,val:traina194.jpg,512,512,10,0,0,0,0.0,val
1502,val:traina204.jpg,512,512,2,0,0,0,0.0,val
1503,val:traina207.jpg,512,512,3,0,0,0,0.0,val
1504,val:traina217.jpg,512,512,14,0,0,0,0.0,val
1505,val:traina220.jpg,512,512,6,0,0,0,0.0,val
1506,val:traina221.jpg,512,512,9,0,0,0,0.0,val
1507,val:traina224.jpg,512,512,20,0,0,0,0.0,val
1508,val:traina226.jpg,512,512,8,0,0,0,0.0,val
1509,val:traina228.jpg,512,512,2,0,0,0,0.0,val
1510,val:traina230.jpg,512,512,10,0,0,0,0.0,val
1511,val:traina25.jpg,512,512,14,0,0,0,0.0,val
1512,val:traina256.jpg,512,512,6,0,0,0,0.0,val
1513,val:traina257.jpg,512,512,9,0,0,0,0.0,val
1514,val:traina261.jpg,512,512,12,0,0,0,0.0,val
1515,val:traina263.jpg,512,512,3,0,0,0,0.0,val
1516,val:traina269.jpg,512,512,8,0,0,0,0.0,val
1517,val:traina296.jpg,512,512,21,0,0,0,0.0,val
1518,val:traina311.jpg,512,512,4,0,0,0,0.0,val
1519,val:traina312.jpg,512,512,2,0,0,0,0.0,val
1520,val:traina323.jpg,512,512,3,0,0,0,0.0,val
1521,val:traina338.jpg,512,512,10,0,0,0,0.0,val
1522,val:traina341.jpg,512,512,8,0,0,0,0.0,val
1523,val:traina347.jpg,512,512,3,0,0,0,0.0,val
1524,val:traina352.jpg,512,512,6,0,0,0,0.0,val
1525,val:traina358.jpg,512,512,6,0,0,0,0.0,val
1526,val:traina4.jpg,512,512,5,0,0,0,0.0,val
1527,val:traina47.jpg,512,512,3,0,0,0,0.0,val
1528,val:traina53.jpg,512,512,7,0,0,0,0.0,val
1529,val:traina60.jpg,512,512,2,0,0,0,0.0,val
1530,val:traina64.jpg,512,512,5,0,0,0,0.0,val
1531,val:traina66.jpg,512,512,6,0,0,0,0.0,val
1532,val:traina73.jpg,512,512,14,0,0,0,0.0,val
1533,val:traina80.jpg,512,512,20,0,1,0,0.05,val
1534,val:traina85.jpg,512,512,13,0,0,0,0.0,val
1535,val:traina89.jpg,512,512,7,0,0,0,0.0,val
1536,val:traina96.jpg,512,512,2,0,0,0,0.0,val
